Class,Name,10.0-9.9,9.9-9.8,9.8-9.7,9.7-9.6,9.6-9.5,9.5-9.4,9.4-9.3,9.3-9.2,9.2-9.1,9.1-9.0,9.0-8.9,8.9-8.8,8.8-8.7,8.7-8.6,8.6-8.5,8.5-8.4,8.4-8.3,8.3-8.2,8.2-8.1,8.1-8.0,8.0-7.9,7.9-7.8,7.8-7.7,7.7-7.6,7.6-7.5,7.5-7.4,7.4-7.3,7.3-7.2,7.2-7.1,7.1-7.0,7.0-6.9,6.9-6.8,6.8-6.7,6.7-6.6,6.6-6.5,6.5-6.4,6.4-6.3,6.3-6.2,6.2-6.1,6.1-6.0,6.0-5.9,5.9-5.8,5.8-5.7,5.7-5.6,5.6-5.5,5.5-5.4,5.4-5.3,5.3-5.2,5.2-5.1,5.1-5.0,5.0-4.9,4.9-4.8,4.8-4.7,4.7-4.6,4.6-4.5,4.5-4.4,4.4-4.3,4.3-4.2,4.2-4.1,4.1-4.0,4.0-3.9,3.9-3.8,3.8-3.7,3.7-3.6,3.6-3.5,3.5-3.4,3.4-3.3,3.3-3.2,3.2-3.1,3.1-3.0,3.0-2.9,2.9-2.8,2.8-2.7,2.7-2.6,2.6-2.5,2.5-2.4,2.4-2.3,2.3-2.2,2.2-2.1,2.1-2.0,2.0-1.9,1.9-1.8,1.8-1.7,1.7-1.6,1.6-1.5,1.5-1.4,1.4-1.3,1.3-1.2,1.2-1.1,1.1-1.0,1.0-0.9,0.9-0.8,0.8-0.7,0.7-0.6,0.6-0.5,0.5-0.4,0.4-0.3,0.3-0.2,0.2-0.1,0.1-0.0
Não,20A.EU2.B99990002.pdb,691697,673837,656430,639145,621962,605361,589016,573161,557313,541750,526632,511841,497281,483070,469232,455563,441939,428937,416021,403336,391042,378897,367012,355494,344423,333499,322504,311794,301136,290810,280322,270200,260149,250213,240541,231312,222122,213281,204565,195809,187321,178961,170586,162542,154734,147447,140224,133039,126183,119826,113526,107163,100544,94199,88243,82482,77179,72157,67413,63481,60296,57167,53901,48749,45768,42964,40390,38168,35921,33794,31667,29585,27777,25244,24189,22424,16002,11908,10243,10183,10171,10171,10103,10103,10103,7021,4170,1650,0,0,0,0,0,0,0,0,0,0,0,0
Não,20A_98F.B99990003.pdb,673933,656876,640034,623433,607069,591067,575057,559663,544547,529753,514954,500611,486686,472873,459296,445930,432957,420190,407622,395222,383134,371141,359715,348337,337285,326581,316068,305645,295357,285130,274982,265066,255428,245731,236431,227534,218549,209711,201245,192869,184502,176109,168033,160350,152653,145208,138036,131174,124677,118446,112162,105744,99197,92781,86966,81224,75655,70715,66175,62402,59113,56004,52644,47744,44838,41996,39483,37367,35173,32974,30974,29090,27464,24947,24065,22248,15656,11886,10239,10183,10171,10171,10103,10103,10102,6692,4172,1645,0,0,0,0,0,0,0,0,0,0,0,0
Não,20A_126A.B99990003.pdb,668980,652116,635409,618776,602561,586713,570972,555553,540456,525838,511292,496919,482814,469089,455627,442516,429530,416749,404148,391804,379814,368140,356720,345478,334520,323773,313175,302875,292648,282863,272837,262860,253196,243531,234075,225088,216213,207710,199412,190923,182637,174400,166486,158849,151328,144044,137110,130271,123681,117445,111345,105038,98605,92397,86553,80933,75548,70569,65968,62163,58940,55935,52589,47644,44660,41877,39400,37296,35106,32816,30912,28943,27260,24822,23948,22162,15672,11830,10186,10128,10120,10120,10052,10051,10049,6745,4153,1638,0,0,0,0,0,0,0,0,0,0,0,0
Não,20A_439K.B99990001.pdb,681868,664535,647138,630440,613856,597402,581063,565398,549880,534672,519829,505281,491077,477032,463317,449831,436630,423514,410699,398141,385861,373793,361972,350618,339635,328673,317830,307368,296951,286612,276488,266702,256859,246956,237624,228578,219601,210854,202223,193733,185232,176896,168864,161109,153530,146061,138954,131984,125396,119221,112971,106440,99687,93231,87365,81647,76049,70999,66377,62437,59205,56085,52649,47645,44761,41969,39495,37366,35198,32984,30955,29034,27391,24885,24058,22321,15567,11878,10233,10177,10166,10166,10098,10098,10098,6681,4167,1645,0,0,0,0,0,0,0,0,0,0,0,0
Não,20B_626S.B99990001.pdb,670606,653468,636904,620352,604137,588119,572466,557096,541878,527064,512607,498351,484353,470577,457078,443824,430857,418145,405539,393398,381028,369185,357603,346251,335321,324569,314029,303751,293526,283399,273551,263805,254070,244424,235083,226066,217332,208873,200329,192051,183736,175589,167509,159739,152284,144983,137898,130941,124369,118267,112096,105713,99039,92734,86913,81247,75807,70777,66242,62397,59212,56123,52747,47810,44822,41960,39466,37391,35215,33070,31027,29134,27472,24967,24060,22225,15617,11878,10238,10177,10166,10166,10103,10097,10096,6678,4167,1647,0,0,0,0,0,0,0,0,0,0,0,0
Não,20B_732A.B99990004.pdb,673909,656838,639840,623156,607089,590739,574775,559306,544194,529296,514668,500394,486410,472592,459103,445795,432576,419877,407336,395009,382818,370912,359248,347900,336975,326294,315667,305334,295030,284741,274886,265083,255366,245596,236172,227128,218225,209632,201191,192801,184467,176153,168134,160299,152687,145498,138293,131276,124596,118347,112311,105837,99143,92754,86803,81099,75630,70632,66136,62297,59093,55910,52466,47663,44732,41905,39386,37275,35145,32989,30979,29100,27407,24940,24071,22246,15613,11895,10247,10182,10171,10168,10100,10100,10099,6664,4173,1644,0,0,0,0,0,0,0,0,0,0,0,0
Não,20B_1122L.B99990005.pdb,672980,655730,638795,622200,605935,589793,574201,558818,543608,528768,514146,499683,485445,471902,458451,445221,432188,419292,406704,394308,382207,370139,358589,347338,336369,325601,315351,304860,294661,284641,274656,264778,255214,245403,235900,226783,218201,209621,201055,192647,184457,176208,168253,160550,152932,145472,138306,131523,124991,118787,112626,106207,99470,92991,87133,81406,75983,70964,66372,62402,59153,55974,52605,47741,44775,41923,39442,37308,35174,32966,30954,29056,27376,24904,24049,22274,15637,11880,10232,10177,10166,10166,10098,10098,10098,6682,4169,1648,1,0,0,0,0,0,0,0,0,0,0,0
Não,20C_80Y.B99990003.pdb,673547,656530,639854,623397,606814,590823,574948,559610,544480,529728,515261,500818,486758,473068,459451,446309,433271,420432,407921,395529,383466,371366,359883,348608,337735,326915,316334,305991,295668,285521,275622,265869,256115,246233,236789,227822,219085,210436,201882,193474,185163,176918,168871,161224,153590,146126,138810,131905,125206,118993,112742,106423,99849,93454,87497,81814,76227,71184,66637,62689,59429,56321,52940,47959,45001,42157,39632,37495,35268,33076,31016,29097,27459,24937,24071,22254,15656,11876,10235,10181,10170,10170,10106,10102,10100,6710,4171,1644,0,0,0,0,0,0,0,0,0,0,0,0
Não,20E_(EU1).B99990002.pdb,687032,669231,651822,634803,617786,601232,584865,568798,553312,538005,523034,508142,493638,479694,465856,452122,438882,426043,413270,400786,388384,376161,364418,353052,341908,330803,320095,309612,299082,288669,278428,268276,258446,248667,238984,229781,220776,211877,203239,194795,186262,177957,169548,161390,153636,146371,139272,132138,125383,119028,112727,106606,100016,93694,87780,82085,76853,71804,67040,63160,59894,56877,53686,48607,45654,42914,40296,37996,35822,33650,31580,29518,27718,25192,24184,22434,15995,11901,10242,10186,10173,10172,10104,10103,10102,7019,4169,1652,0,0,0,0,0,0,0,0,0,0,0,0
Sim,20H_(Beta_V2).B99990004.pdb,663678,647039,630501,614044,598098,582376,566757,551406,536770,521931,507557,493440,479501,465970,452749,439694,426826,414228,401679,389527,377675,366094,354637,343275,332391,321719,311377,301152,291055,280799,270924,261175,251540,241993,232777,223798,215225,206833,198619,190176,181898,173799,165891,158301,151130,143811,136827,129990,123513,117420,111253,104973,98305,92120,86233,80745,75376,70407,65917,62038,58845,55923,52601,47726,44779,41959,39448,37376,35166,32967,30995,29041,27360,24901,24012,22180,15706,11849,10215,10158,10143,10143,10080,10075,10075,6736,4163,1636,0,0,0,0,0,0,0,0,0,0,0,0
Sim,20I_(Alpha_V1).B99990001.pdb,685637,668111,650750,633648,616880,600697,584499,568548,552949,537843,523072,508498,494112,479949,466108,452643,439120,426049,413060,400388,387940,375921,364268,352743,341521,330410,319640,308888,298391,288068,278042,267957,257930,248229,238545,229443,220466,211780,203231,194627,186158,177772,169702,161836,154230,146798,139638,132603,125992,119547,113248,106840,100230,93839,87832,82163,76709,71663,66973,63155,59823,56629,53253,48258,45256,42374,39819,37663,35449,33249,31188,29138,27466,24967,24044,22238,15755,11871,10221,10157,10148,10148,10082,10079,10078,6791,4164,1645,0,0,0,0,0,0,0,0,0,0,0,0
Sim,20J_(Gamma_V3).B99990005.pdb,651644,635183,618984,602823,587304,572067,557108,542225,527617,513509,499292,485527,472095,458892,445791,433041,420333,408209,396059,384264,372595,361253,349867,338897,328192,317813,307595,297739,287710,277838,267903,258173,248683,239367,230284,221364,212926,204651,196388,188121,179899,171954,164285,156743,149533,142395,135458,128801,122369,116395,110421,104179,97770,91567,85950,80482,75140,70278,65782,61933,58696,55777,52585,47703,44738,42001,39558,37400,35189,33046,31126,29165,27519,25015,24119,22337,15739,11887,10244,10194,10179,10179,10112,10111,10111,6784,4187,1642,0,0,0,0,0,0,0,0,0,0,0,0
Sim,21A_(Delta).B99990003.pdb,675596,658289,641221,624644,608288,591875,575897,560002,544541,529472,514627,500234,485933,471986,458374,445068,431943,419157,406512,393934,381725,369840,357973,346624,335401,324813,314299,303831,293452,283112,273045,263125,253355,243470,234092,225061,216331,207758,199416,190836,182726,174330,166469,158751,151267,143957,136909,129960,123311,117211,111075,104831,98210,92009,86188,80480,75167,70149,65647,61820,58689,55692,52391,47483,44572,41826,39348,37261,35061,32918,30953,28972,27284,24896,24025,22259,15659,11870,10222,10167,10153,10153,10086,10085,10085,6762,4166,1645,0,0,0,0,0,0,0,0,0,0,0,0
Não,21B_(Kappa).B99990001.pdb,671198,654135,637335,620861,604410,588303,572632,557078,542087,527303,512688,498351,484149,470507,457098,443874,431100,418176,405653,393376,381271,369469,357824,346525,335459,324804,314300,304025,293735,283574,273720,263796,254075,244356,234874,225873,217060,208593,200181,191911,183662,175471,167583,159825,152301,144707,137794,130829,124407,118279,112087,105720,99148,92958,87119,81514,76120,71125,66482,62547,59346,56261,52983,48084,45080,42332,39836,37686,35490,33290,31271,29272,27537,25024,24093,22218,15758,11905,10247,10188,10174,10173,10106,10105,10105,6734,4175,1644,0,0,0,0,0,0,0,0,0,0,0,0
Não,21C_(Epsilon).B99990003.pdb,670614,653574,636715,620319,604262,587973,572096,556624,541403,526670,512033,497725,483812,470122,456610,443478,430511,417813,405408,393162,381028,369011,357521,346382,335435,324765,314257,303829,293631,283521,273572,263730,253922,244242,234924,225903,216987,208428,200057,191553,183276,175192,167170,159437,151829,144489,137370,130500,124012,117878,111822,105412,98699,92187,86315,80669,75169,70263,65725,61860,58729,55631,52270,47340,44480,41732,39239,37147,35044,32868,30898,29001,27371,24880,24041,22314,15642,11859,10222,10171,10160,10160,10091,10091,10091,6710,4163,1645,0,0,0,0,0,0,0,0,0,0,0,0
Não,21D_(Eta).B99990002.pdb,671058,653987,637225,620699,604490,588589,572669,557158,542084,527217,512712,498493,484317,470711,457271,444021,430909,418201,405584,393232,380986,369192,357680,346489,335529,324932,314363,303973,293770,283671,273608,263780,254039,244475,235141,226143,217376,208734,200189,191683,183417,175332,167356,159634,152268,144844,137635,130814,124328,118167,111944,105619,99006,92567,86755,81120,75554,70631,66061,62204,58984,55907,52477,47643,44677,41825,39336,37243,35091,32928,30939,29023,27366,24864,24005,22172,15631,11853,10211,10156,10144,10144,10079,10075,10072,6696,4150,1643,5,3,3,2,2,2,2,2,2,0,0,0
Não,21F_(Iota).B99990005.pdb,684288,666810,649415,632585,616120,599612,583511,567631,552118,536986,522128,507549,493211,479310,465481,451789,438648,425617,412785,400244,387777,375556,363744,352333,341162,330372,319456,308981,298484,288174,278114,268136,258205,248330,238716,229607,220639,211946,203299,194648,186235,177822,169616,161791,154139,146708,139434,132494,125795,119456,113231,106604,99907,93396,87473,81664,76206,71212,66614,62690,59447,56289,52780,47864,44871,42052,39604,37476,35265,33114,31086,29148,27482,24959,24068,22273,15637,11879,10237,10180,10168,10168,10100,10100,10100,6711,4171,1643,0,0,0,0,0,0,0,0,0,0,0,0
Não,21G_(Lambda).B99990001.pdb,675794,658443,641489,624867,608523,592580,576568,561079,545722,530676,516051,501401,487250,473494,459844,446546,433542,420706,407966,395741,383469,371556,359880,348555,337393,326688,316160,305792,295441,285141,275172,265437,255808,246019,236574,227513,218564,209822,201239,192671,184394,176222,168131,160419,152717,145286,138138,131186,124596,118495,112219,105680,99008,92690,86823,81230,75711,70720,66042,62072,58947,55773,52400,47595,44591,41840,39327,37257,35071,32886,30889,28936,27326,24792,23907,22128,15538,11822,10176,10119,10108,10108,10040,10040,10040,6651,4144,1642,0,0,0,0,0,0,0,0,0,0,0,0
Não,21H_(Mu).B99990005.pdb,673200,656168,639278,622684,606360,590302,574517,558946,543742,528916,514444,500249,486292,472384,458988,445773,432699,419854,407278,394874,382761,370916,359495,348198,337232,326379,315766,305353,295181,284820,274808,265088,255297,245635,236170,227272,218542,209831,201251,192762,184514,176091,168051,160155,152473,145198,138108,131122,124524,118332,112187,105728,98940,92447,86644,80932,75495,70656,66029,62109,58952,55926,52562,47721,44754,41969,39526,37415,35151,32929,30942,29079,27439,24949,24043,22214,15629,11872,10228,10171,10160,10160,10092,10091,10090,6697,4161,1642,0,0,0,0,0,0,0,0,0,0,0,0
Sim,21I_(Delta).B99990005.pdb,668895,651624,634719,618058,601658,585669,570008,554335,539047,524010,509358,495038,480700,466888,453372,440110,427302,414471,401977,389657,377575,365932,354636,343306,332300,321706,311333,301063,290662,280587,270683,260861,251148,241431,232171,223263,214624,206048,197789,189251,181145,172976,165142,157573,150022,142772,135795,128960,122618,116496,110446,104065,97609,91572,85782,80351,74925,69924,65399,61641,58532,55456,52218,47324,44487,41755,39344,37280,35041,32862,30898,28955,27309,24925,24064,22276,15661,11865,10225,10169,10155,10155,10091,10087,10087,6741,4165,1641,0,0,0,0,0,0,0,0,0,0,0,0
Sim,21J_(Delta).B99990003.pdb,666383,649321,632590,616145,599749,583862,567907,552377,537027,522185,507601,493375,479312,465635,452172,438822,425968,413262,400663,388572,376620,364853,353479,342283,331292,320726,310279,300180,289890,279806,269745,260013,250522,240998,231818,222775,214153,205691,197397,189078,180950,172931,164958,157412,149893,142559,135545,128849,122385,116277,110267,104114,97617,91390,85741,80166,74899,69992,65486,61687,58599,55563,52263,47418,44490,41811,39393,37218,35005,32790,30820,28930,27215,24867,24020,22134,15683,11877,10221,10167,10153,10153,10089,10085,10085,6770,4166,1645,0,0,0,0,0,0,0,0,0,0,0,0
Sim,21K_(Omicron).B99990002.pdb,661808,645173,628809,612603,596668,580834,565577,550473,535617,520924,506749,492651,478695,465155,452011,439065,426343,413760,401506,389538,377528,365800,354564,343205,332370,321714,311267,301200,291007,281065,271198,261497,251872,242228,232938,224055,215383,206843,198454,190130,181802,173860,165902,158288,150858,143561,136473,129705,123382,117155,110927,104598,98164,92087,86309,80760,75423,70447,65831,61946,58797,55771,52436,47614,44803,42059,39560,37517,35282,33060,31059,29095,27376,24929,24052,22205,15669,11863,10233,10175,10160,10160,10098,10092,10092,6695,4164,1632,1,0,0,0,0,0,0,0,0,0,0,0
Sim,21L_(Omicron).B99990003.pdb,680696,663256,646357,629894,613301,597448,581526,565952,550618,535508,520571,506051,491775,477917,464168,450565,437506,424667,411823,399408,387170,375143,363307,352092,340870,329897,319411,308794,298207,287844,277825,267897,257796,248005,238438,229166,220372,211675,203060,194532,186186,177872,169854,161991,154384,146930,139795,132709,126073,119716,113293,106830,100079,93765,87882,82042,76525,71379,66761,62836,59623,56470,53049,48112,45114,42338,39796,37655,35488,33298,31194,29178,27516,24958,24092,22268,15664,11892,10253,10191,10177,10177,10111,10109,10109,6696,4189,1636,0,0,0,0,0,0,0,0,0,0,0,0
Sim,22A_(Omicron).B99990005.pdb,671509,654520,637706,621171,604840,588930,573075,557832,542855,528051,513601,499202,485386,471551,457973,444567,431551,418829,406239,394153,382034,370350,358675,347447,336508,325746,315291,304832,294446,284004,274202,264369,254595,244909,235389,226367,217578,209005,200428,192050,183705,175552,167626,159994,152508,145264,138137,130996,124439,118238,111851,105514,98849,92719,86908,81286,75760,70719,66154,62239,59029,56017,52793,47894,44910,42126,39643,37550,35371,33099,31135,29105,27395,24910,24039,22145,15628,11888,10229,10171,10155,10155,10090,10087,10086,6669,4175,1635,0,0,0,0,0,0,0,0,0,0,0,0
Sim,22B_(Omicron).B99990001.pdb,673995,656807,639931,623454,607044,591040,575172,559983,544695,529974,515343,500874,486793,473059,459306,445797,432869,420007,407754,395443,383211,371462,359744,348400,337303,326374,315768,305460,295247,284907,274987,265255,255423,245807,236424,227251,218557,209923,201272,192813,184488,176418,168305,160628,153060,145821,138576,131595,124884,118573,112321,105934,99334,93068,87196,81563,76117,71090,66554,62523,59362,56284,52917,47964,44987,42191,39720,37564,35392,33181,31153,29113,27412,24901,24049,22190,15634,11876,10231,10171,10155,10155,10088,10087,10087,6685,4176,1631,0,0,0,0,0,0,0,0,0,0,0,0
Sim,22C_(Omicron).B99990004.pdb,680068,662805,645765,629467,612889,596467,580667,565029,549536,534439,519763,505049,490801,476666,462938,449456,436174,423312,410778,398258,385965,374053,362374,350869,339752,328986,318395,307827,297438,287040,276977,267176,257255,247303,237740,228561,219707,210967,202366,193826,185546,177237,169372,161596,153955,146559,139366,132301,125642,119392,113073,106537,99893,93685,87913,82223,76705,71533,66955,63007,59660,56512,53220,48288,45284,42510,39971,37793,35568,33326,31280,29219,27466,24982,24049,22153,15679,11908,10258,10195,10182,10180,10116,10111,10110,6695,4185,1636,0,0,0,0,0,0,0,0,0,0,0,0
Sim,22D_(Omicron).B99990005.pdb,675524,658379,641628,625066,608734,592537,576787,561179,546155,531442,516812,502556,488338,474359,460719,447207,433950,421198,408784,396530,384411,372707,361065,349595,338444,327543,316878,306553,296241,285999,275848,266054,256240,246376,236832,227862,218900,210162,201463,193133,184634,176559,168689,160961,153347,145881,138677,131782,125224,118920,112487,106078,99425,93330,87509,81811,76323,71343,66752,62827,59563,56462,53131,48239,45207,42407,39933,37730,35481,33282,31255,29221,27488,24965,24065,22158,15634,11901,10266,10198,10183,10181,10113,10111,10106,6699,4176,1641,4,4,3,2,2,2,2,2,0,0,0,0
Sim,22E_(Omicron).B99990001.pdb,681488,664100,647238,630617,614074,597782,581978,566301,550872,535640,520841,506114,491906,477722,464018,450197,437224,424298,411552,399122,386851,374896,363220,351654,340488,329496,318785,308384,297813,287114,277352,267475,257542,247688,238023,228958,219985,211212,202519,194068,185519,177232,169176,161450,153838,146452,139360,132244,125469,119147,112810,106314,99621,93449,87547,81729,76349,71146,66517,62471,59272,56188,52862,47941,44947,42207,39737,37589,35360,33157,31105,29117,27365,24880,24039,22222,15605,11875,10227,10168,10154,10154,10086,10086,10086,6683,4174,1634,0,0,0,0,0,0,0,0,0,0,0,0
Sim,22F_(Omicron).B99990002.pdb,668248,651317,634691,618609,602441,586663,571088,555824,540913,526266,511647,497604,483783,470195,456571,443260,430328,417713,405302,393033,381111,369385,357930,346732,335729,324921,314576,304395,294077,283944,274051,264261,254629,244857,235556,226507,217686,209145,200581,192210,183949,175856,167932,160201,152649,145378,138245,131273,124737,118509,112354,105812,99101,93039,87297,81620,76246,71223,66647,62769,59491,56392,53094,48135,45213,42369,39898,37765,35529,33285,31219,29165,27433,24952,24057,22121,15614,11900,10246,10178,10163,10162,10096,10092,10090,6700,4166,1644,5,3,2,2,2,2,2,2,2,0,0,0
Sim,23A_(Omicron).B99990003.pdb,680549,663145,646391,629589,613222,596977,580939,565381,549965,534847,520022,505404,491152,477249,463555,450051,436895,423945,411132,398657,386317,374412,362819,351489,340266,329234,318582,308325,297739,287285,277168,267310,257399,247545,238112,229098,220341,211521,202909,194446,186018,177759,169589,161794,154255,146795,139623,132535,125901,119616,113228,106702,99942,93703,87883,82119,76607,71415,66836,62834,59564,56368,52976,48028,45030,42308,39813,37634,35408,33218,31129,29096,27428,24891,24039,22235,15609,11883,10239,10174,10159,10159,10092,10091,10091,6693,4165,1635,1,0,0,0,0,0,0,0,0,0,0,0
Sim,23B_(Omicron).B99990001.pdb,673851,656808,640134,623850,607563,591536,575841,560441,545202,530517,515883,501453,487484,473557,459971,446587,433746,420815,408371,396279,384133,372204,360555,349436,338441,327536,316893,306507,296243,285864,275820,265956,256260,246397,236909,227781,218970,210354,201830,193328,185066,176739,168681,160918,153306,145989,138854,131881,125335,119136,112729,106222,99496,93374,87615,82035,76582,71513,66855,62848,59584,56513,53089,48208,45145,42307,39795,37595,35419,33162,31176,29144,27385,24879,24025,22156,15664,11881,10233,10173,10159,10159,10093,10091,10091,6672,4165,1635,0,0,0,0,0,0,0,0,0,0,0,0
Sim,23C_(Omicron).B99990005.pdb,675824,658627,642037,625710,609429,593473,577641,562286,547109,532069,517246,503037,489022,475060,461340,447932,434788,422214,409599,397187,384857,372960,361370,349943,338739,328183,317534,307118,296752,286402,276412,266490,256530,246818,237222,228156,219193,210499,201910,193441,185021,176897,168859,161203,153655,146338,139195,132166,125551,119266,112811,106486,99784,93632,87796,82121,76694,71504,66856,62874,59667,56521,53143,48243,45187,42503,39984,37774,35516,33242,31254,29267,27513,24930,24036,22135,15581,11890,10247,10178,10164,10164,10096,10096,10091,6672,4170,1636,1,0,0,0,0,0,0,0,0,0,0,0
Sim,23D_(Omicron).B99990005.pdb,675837,658724,641832,625340,609104,592934,577221,561883,546607,531801,517187,502714,488842,474979,461530,448135,435125,422188,409564,397266,385057,373221,361633,350281,338968,328228,317458,307059,296570,286438,276471,266541,256579,246867,237395,228146,219306,210649,202075,193448,185175,176875,168896,161097,153414,146008,138989,131878,125344,118979,112634,106163,99433,93349,87564,81876,76426,71314,66700,62773,59483,56470,53174,48226,45220,42394,39937,37715,35470,33257,31253,29193,27479,24935,24020,22131,15608,11882,10243,10175,10159,10157,10093,10087,10082,6653,4157,1637,0,0,0,0,0,0,0,0,0,0,0,0
Sim,23E_(Omicron).B99990004.pdb,674251,657071,640258,623918,607641,591577,575844,560534,545322,530457,515911,501314,487352,473465,459888,446336,433380,420504,408021,395616,383544,371818,360240,348927,337860,327086,316454,306098,295590,285227,275378,265677,255852,246160,236576,227388,218499,209804,201208,192851,184603,176385,168335,160609,153053,145659,138534,131614,124956,118653,112366,105902,99325,93064,87334,81708,76235,71165,66578,62605,59447,56385,53036,48183,45153,42346,39861,37761,35488,33186,31136,29108,27439,24902,24038,22105,15671,11873,10227,10164,10150,10150,10084,10082,10082,6676,4162,1633,0,0,0,0,0,0,0,0,0,0,0,0
Sim,23F_(Omicron).B99990003.pdb,675893,658582,641864,625404,609150,593071,577145,561538,546329,531432,516770,502439,488464,474588,460827,447222,434226,421375,408884,396501,384330,372589,360970,349484,338464,327538,316953,306413,296164,285867,275629,265792,256039,246296,236847,227841,219046,210334,201770,193285,184981,176692,168667,160958,153354,146047,138742,131780,125149,118884,112540,106037,99371,93173,87313,81708,76395,71313,66683,62758,59537,56503,53155,48235,45238,42396,39914,37718,35510,33182,31164,29216,27446,24931,24064,22147,15639,11886,10236,10171,10157,10157,10092,10089,10089,6675,4161,1634,0,0,0,0,0,0,0,0,0,0,0,0
Não,677H.Robin1.B99990003.pdb,673184,656048,639252,622637,606508,590583,574729,559058,543719,528878,514215,499971,486038,472526,459224,445925,432883,419940,407250,394850,382697,370722,359095,347835,336857,326108,315536,305021,294685,284599,274532,264765,255060,245417,236024,227061,218332,209687,201193,192709,184369,176134,167968,160301,152626,145280,138123,131127,124509,118361,112217,105660,99105,92758,86920,81233,75615,70748,66238,62351,59122,55993,52600,47787,44827,41964,39448,37374,35150,32935,30966,29097,27407,24941,24032,22188,15651,11895,10235,10178,10167,10167,10099,10098,10097,6699,4170,1644,0,0,0,0,0,0,0,0,0,0,0,0
Não,677P.Pelican.B99990002.pdb,671301,654292,637287,620658,604363,588587,572889,557393,542034,527181,512647,498453,484625,470867,457357,444111,431137,418390,405963,393582,381498,369634,358033,346824,335962,325302,314882,304615,294546,284317,274331,264558,254855,245204,235779,226752,218015,209390,200963,192548,184291,176171,168070,160362,152882,145479,138266,131343,124766,118720,112513,106039,99412,93091,87151,81306,75875,70911,66274,62399,59153,56033,52638,47801,44823,41965,39447,37341,35161,32974,30956,29097,27410,24908,24038,22280,15635,11871,10234,10175,10164,10164,10096,10095,10094,6696,4165,1644,0,0,0,0,0,0,0,0,0,0,0,0
Não,Wild_Variant.B99990003.pdb,690390,672497,654908,637751,620641,603923,587461,571590,555680,540187,525321,510420,495986,481991,467996,454358,440885,427800,415158,402462,390035,377811,366100,354463,343345,332131,321267,310635,300163,289603,279336,269155,259110,249258,239590,230358,221519,212705,204016,195407,186949,178469,170071,162028,154244,146883,139658,132494,125797,119402,113200,106841,100231,93941,87937,82235,77027,72064,67329,63392,60104,57051,53790,48682,45770,42951,40294,38078,35914,33747,31686,29600,27781,25244,24194,22413,16002,11897,10240,10182,10169,10169,10101,10101,10100,7029,4169,1653,0,0,0,0,0,0,0,0,0,0,0,0
