Class,Name,hydrophobic x hydrophobic (10.0-9.9),polar x polar (10.0-9.9),hydrophobic x polar (10.0-9.9),hydrophobic x hydrophobic (9.9-9.8),polar x polar (9.9-9.8),hydrophobic x polar (9.9-9.8),hydrophobic x hydrophobic (9.8-9.7),polar x polar (9.8-9.7),hydrophobic x polar (9.8-9.7),hydrophobic x hydrophobic (9.7-9.6),polar x polar (9.7-9.6),hydrophobic x polar (9.7-9.6),hydrophobic x hydrophobic (9.6-9.5),polar x polar (9.6-9.5),hydrophobic x polar (9.6-9.5),hydrophobic x hydrophobic (9.5-9.4),polar x polar (9.5-9.4),hydrophobic x polar (9.5-9.4),hydrophobic x hydrophobic (9.4-9.3),polar x polar (9.4-9.3),hydrophobic x polar (9.4-9.3),hydrophobic x hydrophobic (9.3-9.2),polar x polar (9.3-9.2),hydrophobic x polar (9.3-9.2),hydrophobic x hydrophobic (9.2-9.1),polar x polar (9.2-9.1),hydrophobic x polar (9.2-9.1),hydrophobic x hydrophobic (9.1-9.0),polar x polar (9.1-9.0),hydrophobic x polar (9.1-9.0),hydrophobic x hydrophobic (9.0-8.9),polar x polar (9.0-8.9),hydrophobic x polar (9.0-8.9),hydrophobic x hydrophobic (8.9-8.8),polar x polar (8.9-8.8),hydrophobic x polar (8.9-8.8),hydrophobic x hydrophobic (8.8-8.7),polar x polar (8.8-8.7),hydrophobic x polar (8.8-8.7),hydrophobic x hydrophobic (8.7-8.6),polar x polar (8.7-8.6),hydrophobic x polar (8.7-8.6),hydrophobic x hydrophobic (8.6-8.5),polar x polar (8.6-8.5),hydrophobic x polar (8.6-8.5),hydrophobic x hydrophobic (8.5-8.4),polar x polar (8.5-8.4),hydrophobic x polar (8.5-8.4),hydrophobic x hydrophobic (8.4-8.3),polar x polar (8.4-8.3),hydrophobic x polar (8.4-8.3),hydrophobic x hydrophobic (8.3-8.2),polar x polar (8.3-8.2),hydrophobic x polar (8.3-8.2),hydrophobic x hydrophobic (8.2-8.1),polar x polar (8.2-8.1),hydrophobic x polar (8.2-8.1),hydrophobic x hydrophobic (8.1-8.0),polar x polar (8.1-8.0),hydrophobic x polar (8.1-8.0),hydrophobic x hydrophobic (8.0-7.9),polar x polar (8.0-7.9),hydrophobic x polar (8.0-7.9),hydrophobic x hydrophobic (7.9-7.8),polar x polar (7.9-7.8),hydrophobic x polar (7.9-7.8),hydrophobic x hydrophobic (7.8-7.7),polar x polar (7.8-7.7),hydrophobic x polar (7.8-7.7),hydrophobic x hydrophobic (7.7-7.6),polar x polar (7.7-7.6),hydrophobic x polar (7.7-7.6),hydrophobic x hydrophobic (7.6-7.5),polar x polar (7.6-7.5),hydrophobic x polar (7.6-7.5),hydrophobic x hydrophobic (7.5-7.4),polar x polar (7.5-7.4),hydrophobic x polar (7.5-7.4),hydrophobic x hydrophobic (7.4-7.3),polar x polar (7.4-7.3),hydrophobic x polar (7.4-7.3),hydrophobic x hydrophobic (7.3-7.2),polar x polar (7.3-7.2),hydrophobic x polar (7.3-7.2),hydrophobic x hydrophobic (7.2-7.1),polar x polar (7.2-7.1),hydrophobic x polar (7.2-7.1),hydrophobic x hydrophobic (7.1-7.0),polar x polar (7.1-7.0),hydrophobic x polar (7.1-7.0),hydrophobic x hydrophobic (7.0-6.9),polar x polar (7.0-6.9),hydrophobic x polar (7.0-6.9),hydrophobic x hydrophobic (6.9-6.8),polar x polar (6.9-6.8),hydrophobic x polar (6.9-6.8),hydrophobic x hydrophobic (6.8-6.7),polar x polar (6.8-6.7),hydrophobic x polar (6.8-6.7),hydrophobic x hydrophobic (6.7-6.6),polar x polar (6.7-6.6),hydrophobic x polar (6.7-6.6),hydrophobic x hydrophobic (6.6-6.5),polar x polar (6.6-6.5),hydrophobic x polar (6.6-6.5),hydrophobic x hydrophobic (6.5-6.4),polar x polar (6.5-6.4),hydrophobic x polar (6.5-6.4),hydrophobic x hydrophobic (6.4-6.3),polar x polar (6.4-6.3),hydrophobic x polar (6.4-6.3),hydrophobic x hydrophobic (6.3-6.2),polar x polar (6.3-6.2),hydrophobic x polar (6.3-6.2),hydrophobic x hydrophobic (6.2-6.1),polar x polar (6.2-6.1),hydrophobic x polar (6.2-6.1),hydrophobic x hydrophobic (6.1-6.0),polar x polar (6.1-6.0),hydrophobic x polar (6.1-6.0),hydrophobic x hydrophobic (6.0-5.9),polar x polar (6.0-5.9),hydrophobic x polar (6.0-5.9),hydrophobic x hydrophobic (5.9-5.8),polar x polar (5.9-5.8),hydrophobic x polar (5.9-5.8),hydrophobic x hydrophobic (5.8-5.7),polar x polar (5.8-5.7),hydrophobic x polar (5.8-5.7),hydrophobic x hydrophobic (5.7-5.6),polar x polar (5.7-5.6),hydrophobic x polar (5.7-5.6),hydrophobic x hydrophobic (5.6-5.5),polar x polar (5.6-5.5),hydrophobic x polar (5.6-5.5),hydrophobic x hydrophobic (5.5-5.4),polar x polar (5.5-5.4),hydrophobic x polar (5.5-5.4),hydrophobic x hydrophobic (5.4-5.3),polar x polar (5.4-5.3),hydrophobic x polar (5.4-5.3),hydrophobic x hydrophobic (5.3-5.2),polar x polar (5.3-5.2),hydrophobic x polar (5.3-5.2),hydrophobic x hydrophobic (5.2-5.1),polar x polar (5.2-5.1),hydrophobic x polar (5.2-5.1),hydrophobic x hydrophobic (5.1-5.0),polar x polar (5.1-5.0),hydrophobic x polar (5.1-5.0),hydrophobic x hydrophobic (5.0-4.9),polar x polar (5.0-4.9),hydrophobic x polar (5.0-4.9),hydrophobic x hydrophobic (4.9-4.8),polar x polar (4.9-4.8),hydrophobic x polar (4.9-4.8),hydrophobic x hydrophobic (4.8-4.7),polar x polar (4.8-4.7),hydrophobic x polar (4.8-4.7),hydrophobic x hydrophobic (4.7-4.6),polar x polar (4.7-4.6),hydrophobic x polar (4.7-4.6),hydrophobic x hydrophobic (4.6-4.5),polar x polar (4.6-4.5),hydrophobic x polar (4.6-4.5),hydrophobic x hydrophobic (4.5-4.4),polar x polar (4.5-4.4),hydrophobic x polar (4.5-4.4),hydrophobic x hydrophobic (4.4-4.3),polar x polar (4.4-4.3),hydrophobic x polar (4.4-4.3),hydrophobic x hydrophobic (4.3-4.2),polar x polar (4.3-4.2),hydrophobic x polar (4.3-4.2),hydrophobic x hydrophobic (4.2-4.1),polar x polar (4.2-4.1),hydrophobic x polar (4.2-4.1),hydrophobic x hydrophobic (4.1-4.0),polar x polar (4.1-4.0),hydrophobic x polar (4.1-4.0),hydrophobic x hydrophobic (4.0-3.9),polar x polar (4.0-3.9),hydrophobic x polar (4.0-3.9),hydrophobic x hydrophobic (3.9-3.8),polar x polar (3.9-3.8),hydrophobic x polar (3.9-3.8),hydrophobic x hydrophobic (3.8-3.7),polar x polar (3.8-3.7),hydrophobic x polar (3.8-3.7),hydrophobic x hydrophobic (3.7-3.6),polar x polar (3.7-3.6),hydrophobic x polar (3.7-3.6),hydrophobic x hydrophobic (3.6-3.5),polar x polar (3.6-3.5),hydrophobic x polar (3.6-3.5),hydrophobic x hydrophobic (3.5-3.4),polar x polar (3.5-3.4),hydrophobic x polar (3.5-3.4),hydrophobic x hydrophobic (3.4-3.3),polar x polar (3.4-3.3),hydrophobic x polar (3.4-3.3),hydrophobic x hydrophobic (3.3-3.2),polar x polar (3.3-3.2),hydrophobic x polar (3.3-3.2),hydrophobic x hydrophobic (3.2-3.1),polar x polar (3.2-3.1),hydrophobic x polar (3.2-3.1),hydrophobic x hydrophobic (3.1-3.0),polar x polar (3.1-3.0),hydrophobic x polar (3.1-3.0),hydrophobic x hydrophobic (3.0-2.9),polar x polar (3.0-2.9),hydrophobic x polar (3.0-2.9),hydrophobic x hydrophobic (2.9-2.8),polar x polar (2.9-2.8),hydrophobic x polar (2.9-2.8),hydrophobic x hydrophobic (2.8-2.7),polar x polar (2.8-2.7),hydrophobic x polar (2.8-2.7),hydrophobic x hydrophobic (2.7-2.6),polar x polar (2.7-2.6),hydrophobic x polar (2.7-2.6),hydrophobic x hydrophobic (2.6-2.5),polar x polar (2.6-2.5),hydrophobic x polar (2.6-2.5),hydrophobic x hydrophobic (2.5-2.4),polar x polar (2.5-2.4),hydrophobic x polar (2.5-2.4),hydrophobic x hydrophobic (2.4-2.3),polar x polar (2.4-2.3),hydrophobic x polar (2.4-2.3),hydrophobic x hydrophobic (2.3-2.2),polar x polar (2.3-2.2),hydrophobic x polar (2.3-2.2),hydrophobic x hydrophobic (2.2-2.1),polar x polar (2.2-2.1),hydrophobic x polar (2.2-2.1),hydrophobic x hydrophobic (2.1-2.0),polar x polar (2.1-2.0),hydrophobic x polar (2.1-2.0),hydrophobic x hydrophobic (2.0-1.9),polar x polar (2.0-1.9),hydrophobic x polar (2.0-1.9),hydrophobic x hydrophobic (1.9-1.8),polar x polar (1.9-1.8),hydrophobic x polar (1.9-1.8),hydrophobic x hydrophobic (1.8-1.7),polar x polar (1.8-1.7),hydrophobic x polar (1.8-1.7),hydrophobic x hydrophobic (1.7-1.6),polar x polar (1.7-1.6),hydrophobic x polar (1.7-1.6),hydrophobic x hydrophobic (1.6-1.5),polar x polar (1.6-1.5),hydrophobic x polar (1.6-1.5),hydrophobic x hydrophobic (1.5-1.4),polar x polar (1.5-1.4),hydrophobic x polar (1.5-1.4),hydrophobic x hydrophobic (1.4-1.3),polar x polar (1.4-1.3),hydrophobic x polar (1.4-1.3),hydrophobic x hydrophobic (1.3-1.2),polar x polar (1.3-1.2),hydrophobic x polar (1.3-1.2),hydrophobic x hydrophobic (1.2-1.1),polar x polar (1.2-1.1),hydrophobic x polar (1.2-1.1),hydrophobic x hydrophobic (1.1-1.0),polar x polar (1.1-1.0),hydrophobic x polar (1.1-1.0),hydrophobic x hydrophobic (1.0-0.9),polar x polar (1.0-0.9),hydrophobic x polar (1.0-0.9),hydrophobic x hydrophobic (0.9-0.8),polar x polar (0.9-0.8),hydrophobic x polar (0.9-0.8),hydrophobic x hydrophobic (0.8-0.7),polar x polar (0.8-0.7),hydrophobic x polar (0.8-0.7),hydrophobic x hydrophobic (0.7-0.6),polar x polar (0.7-0.6),hydrophobic x polar (0.7-0.6),hydrophobic x hydrophobic (0.6-0.5),polar x polar (0.6-0.5),hydrophobic x polar (0.6-0.5),hydrophobic x hydrophobic (0.5-0.4),polar x polar (0.5-0.4),hydrophobic x polar (0.5-0.4),hydrophobic x hydrophobic (0.4-0.3),polar x polar (0.4-0.3),hydrophobic x polar (0.4-0.3),hydrophobic x hydrophobic (0.3-0.2),polar x polar (0.3-0.2),hydrophobic x polar (0.3-0.2),hydrophobic x hydrophobic (0.2-0.1),polar x polar (0.2-0.1),hydrophobic x polar (0.2-0.1),hydrophobic x hydrophobic (0.1-0.0),polar x polar (0.1-0.0),hydrophobic x polar (0.1-0.0)
Não,20A.EU2.pdb,70808,259409,268764,68979,252816,261731,67101,246513,254919,65252,240087,248261,63506,233830,241467,61767,227709,234775,60092,221583,228145,58459,215658,221703,56819,209731,215380,55216,204110,209256,53716,198763,203071,52242,193469,197141,50804,188271,191190,49390,183142,185566,47944,178229,179955,46551,173388,174433,45220,168583,169095,43880,163857,163823,42564,159238,158486,41346,154827,153304,40068,150389,148154,38900,145996,143254,37703,141816,138546,36561,137790,133789,35441,133730,129292,34302,129829,124820,33114,126120,120363,31992,122296,115895,30794,118514,111583,29645,114864,107365,28522,111111,103122,27479,107410,98915,26356,103638,94740,25281,100067,90757,24298,96707,86770,23308,93365,82995,22329,90115,79316,21369,87037,75766,20409,83926,72097,19368,80801,68633,18374,77638,65221,17421,74556,61840,16463,71488,58604,15587,68482,55386,14694,65599,52233,13834,62689,49341,13036,59982,46501,12254,57451,43745,11550,55115,41092,10839,52849,38452,10193,50425,35834,9583,47826,33180,8994,45006,30557,8472,42244,28125,7967,39700,25755,7491,37286,23497,7110,35025,21503,6644,33131,19903,6299,31456,18354,5988,29969,17222,5704,28584,16290,5431,27250,15196,4951,25081,13697,4667,23523,12272,4458,22082,11222,4299,20542,10238,4243,19315,9339,4215,18277,8473,4197,17343,7608,4152,16385,6878,4135,15516,6170,4133,14776,5624,3971,13676,5420,3741,12503,5351,3684,12288,5145,2960,11678,3762,2116,7932,1936,2046,6982,1577,2019,5566,1544,1989,5550,1529,1989,5537,1529,1989,5537,1529,1989,5537,1480,1989,5537,1479,1989,5537,1479,840,4265,200,333,2859,79,0,1461,0,0,0,0,0,0,0,0,0,0,0,0,0,0,0,0,0,0,0,0,0,0,0,0,0,0,0,0,0,0,0,0,0,0,0,0,0
Não,20A_98F.pdb,74107,267995,280160,72145,261208,273035,70216,254743,265757,68326,248298,258705,66482,241773,251629,64708,235396,244717,62917,229060,238049,61117,222815,231435,59440,216961,224806,57780,211360,218481,56159,205648,212031,54639,200147,205764,53110,194748,199778,51572,189433,193809,50094,184378,187921,48671,179201,182133,47273,174211,176500,45883,169233,170796,44485,164385,165253,43074,159692,159765,41772,155008,154478,40458,150550,149329,39246,146160,144214,38016,141976,139301,36825,137818,134456,35603,133850,129792,34410,129924,125064,33260,126102,120457,32055,122123,115904,30848,118295,111412,29744,114476,107051,28626,110721,102566,27560,106898,98070,26518,103266,94127,25501,99807,90181,24467,96395,86282,23496,93099,82418,22538,89905,78742,21520,86725,75013,20517,83590,71511,19512,80164,67983,18524,76945,64543,17540,73869,61349,16611,70887,57936,15772,67929,54713,14878,64979,51601,14007,62178,48644,13151,59563,45815,12377,57165,43011,11619,54791,40429,10915,52270,37659,10243,49489,34754,9657,46348,31969,9116,43428,29374,8601,40799,26869,8131,38228,24412,7656,35829,22442,7130,33936,20715,6713,32206,19039,6290,30646,17729,5924,29197,16705,5582,27742,15522,5020,25383,13955,4747,23921,12492,4538,22386,11342,4415,20786,10361,4336,19519,9425,4313,18505,8487,4288,17570,7584,4252,16638,6849,4233,15795,6174,4230,15046,5672,4050,13848,5479,3827,12597,5431,3768,12424,5205,3006,11777,3735,2148,7801,1965,2089,7087,1603,2064,5636,1568,2032,5621,1553,2032,5608,1553,2032,5608,1553,2032,5608,1503,2032,5608,1503,2032,5608,1503,848,4293,216,307,2893,83,0,1480,0,0,0,0,0,0,0,0,0,0,0,0,0,0,0,0,0,0,0,0,0,0,0,0,0,0,0,0,0,0,0,0,0,0,0,0,0
Não,20A_126A.pdb,72071,263570,274660,70221,257066,267633,68354,250691,260560,66496,244352,253609,64611,238038,246786,62851,231764,240103,61180,225586,233441,59502,219513,227000,57871,213844,220520,56300,208166,214170,54741,202646,208136,53174,197345,201977,51722,192128,195939,50291,186872,190033,48824,181786,184380,47373,176879,178696,46034,172055,173007,44653,167187,167499,43293,162413,162075,42057,157813,156771,40808,153186,151481,39572,148721,146594,38388,144511,141675,37172,140406,136759,35952,136426,132073,34805,132602,127411,33661,128727,122918,32487,124835,118323,31346,120960,113825,30249,117065,109369,29160,113248,105012,28077,109561,100602,26978,105907,96333,25933,102339,92301,24924,98928,88365,24007,95610,84627,23048,92400,80861,22032,89309,77132,20991,86175,73532,20024,82930,70115,19039,79716,66631,18036,76531,63201,17069,73408,59884,16152,70407,56603,15339,67465,53539,14484,64618,50568,13606,61877,47720,12823,59390,44994,12071,57007,42230,11321,54704,39645,10657,52216,36963,10032,49492,34161,9444,46478,31364,8890,43532,28827,8391,40914,26438,7897,38399,24185,7492,35995,22223,6980,34127,20492,6611,32426,18897,6243,30912,17686,5864,29521,16635,5487,28047,15435,4965,25674,13897,4670,24210,12419,4478,22623,11305,4343,20932,10351,4291,19609,9400,4271,18544,8486,4252,17639,7611,4215,16690,6809,4196,15833,6103,4195,15083,5625,4026,13827,5449,3796,12625,5394,3735,12383,5159,2954,11724,3703,2141,7808,1954,2074,7050,1594,2047,5622,1560,2015,5597,1544,2015,5583,1544,2015,5583,1544,2015,5583,1494,2015,5583,1494,2015,5583,1494,851,4278,217,318,2879,85,0,1471,0,0,0,0,0,0,0,0,0,0,0,0,0,0,0,0,0,0,0,0,0,0,0,0,0,0,0,0,0,0,0,0,0,0,0,0,0
Não,20A_439K.pdb,73800,268213,279761,71833,261472,272578,69949,254846,265395,68048,248487,258370,66205,241936,251267,64459,235586,244437,62651,229261,237727,60884,223088,231109,59203,217211,224525,57536,211563,218134,55927,205810,211734,54431,200303,205504,52895,194907,199536,51357,189637,193599,49905,184484,187678,48495,179344,181895,47091,174374,176280,45702,169398,170618,44338,164584,165066,42955,159747,159547,41614,155152,154289,40348,150606,149113,39118,146261,144037,37895,142087,139087,36696,138003,134310,35500,133936,129651,34305,129952,124943,33142,126178,120318,31945,122229,115809,30751,118395,111258,29664,114605,106940,28537,110816,102400,27492,106985,98018,26443,103356,94007,25433,99858,90030,24395,96430,86122,23426,93180,82320,22458,89964,78602,21434,86842,74890,20480,83654,71319,19459,80260,67820,18432,77041,64451,17477,73964,61189,16546,70932,57814,15719,67992,54593,14830,64999,51471,13949,62183,48549,13122,59601,45720,12320,57204,42968,11577,54845,40362,10870,52327,37562,10203,49527,34696,9618,46449,31878,9082,43462,29338,8578,40917,26813,8084,38274,24403,7621,35835,22374,7088,33972,20637,6683,32251,19001,6274,30703,17677,5905,29210,16716,5542,27785,15486,4988,25393,13924,4715,23968,12464,4519,22406,11344,4381,20787,10326,4316,19508,9407,4296,18510,8459,4269,17562,7558,4232,16628,6849,4217,15783,6174,4215,15059,5675,4037,13848,5482,3813,12635,5431,3746,12434,5205,2968,11765,3722,2144,7911,1971,2086,7073,1601,2060,5643,1567,2027,5622,1552,2027,5609,1552,2027,5609,1552,2027,5609,1502,2027,5609,1502,2027,5609,1502,855,4295,204,324,2891,82,0,1479,0,0,0,0,0,0,0,0,0,0,0,0,0,0,0,0,0,0,0,0,0,0,0,0,0,0,0,0,0,0,0,0,0,0,0,0,0
Não,20B_626S.pdb,73706,268593,279781,71749,261905,272536,69855,255221,265332,67986,248833,258302,66134,242334,251254,64396,235936,244393,62588,229610,237611,60804,223445,230953,59123,217603,224485,57478,211890,218118,55869,206280,211733,54369,200699,205412,52840,195281,199463,51298,189990,193580,49850,184810,187618,48462,179725,181862,47038,174730,176206,45656,169686,170566,44290,164970,165064,42914,160128,159512,41588,155445,154234,40297,150914,149063,39069,146541,143983,37852,142379,139081,36671,138259,134264,35465,134229,129595,34280,130226,124875,33094,126397,120282,31921,122472,115767,30715,118652,111271,29649,114835,106961,28512,111039,102424,27457,107189,97993,26428,103560,93953,25404,100053,90022,24375,96627,86117,23389,93386,82320,22427,90157,78586,21422,87067,74897,20444,83875,71304,19429,80412,67840,18415,77216,64430,17454,74145,61166,16532,71113,57839,15685,68152,54590,14801,65159,51484,13928,62331,48543,13085,59738,45702,12299,57336,42957,11558,54978,40379,10841,52443,37636,10187,49704,34721,9591,46609,31933,9083,43586,29353,8566,41027,26828,8058,38397,24430,7609,35968,22416,7063,34048,20677,6675,32361,18998,6270,30802,17693,5891,29296,16721,5533,27877,15479,4976,25484,13968,4699,24045,12466,4503,22455,11352,4363,20820,10354,4316,19575,9424,4289,18537,8457,4266,17595,7563,4232,16676,6843,4215,15818,6157,4212,15105,5662,4028,13884,5475,3811,12638,5425,3755,12443,5208,2972,11805,3739,2149,7831,1961,2084,7078,1602,2057,5641,1567,2025,5625,1551,2025,5612,1551,2025,5612,1551,2025,5612,1501,2025,5612,1501,2025,5612,1501,851,4294,212,272,2894,82,0,1480,0,0,0,0,0,0,0,0,0,0,0,0,0,0,0,0,0,0,0,0,0,0,0,0,0,0,0,0,0,0,0,0,0,0,0,0,0
Não,20B_732A.pdb,73791,268228,279777,71820,261545,272513,69923,254882,265313,68037,248506,258283,66205,242020,251223,64438,235636,244337,62651,229301,237631,60849,223188,231007,59176,217282,224439,57533,211591,218094,55919,205991,211694,54412,200414,205383,52903,194999,199421,51335,189707,193551,49894,184585,187615,48497,179478,181876,47090,174493,176185,45697,169485,170542,44335,164691,165021,42957,159870,159496,41622,155236,154208,40319,150704,149047,39114,146382,143964,37882,142199,139053,36672,138076,134262,35475,134041,129579,34294,130067,124887,33113,126269,120296,31929,122336,115771,30739,118493,111292,29666,114683,106940,28523,110904,102396,27469,107090,97989,26442,103437,93991,25417,99966,90001,24385,96541,86136,23408,93246,82340,22444,90008,78591,21437,86959,74917,20465,83742,71337,19460,80318,67874,18448,77090,64445,17479,74085,61180,16562,71013,57841,15705,68065,54598,14828,65070,51496,13946,62281,48580,13113,59637,45720,12323,57255,42972,11574,54889,40387,10865,52380,37629,10206,49627,34717,9606,46517,31941,9095,43526,29357,8573,40943,26827,8082,38329,24433,7624,35908,22408,7079,34020,20684,6685,32306,19007,6274,30760,17685,5907,29257,16719,5539,27833,15494,4987,25443,13962,4709,24002,12473,4515,22413,11348,4373,20797,10355,4320,19529,9426,4294,18511,8468,4271,17570,7568,4237,16645,6859,4220,15801,6171,4217,15067,5673,4043,13868,5484,3817,12627,5436,3763,12426,5227,2979,11788,3746,2154,7839,1963,2087,7072,1607,2062,5638,1573,2027,5621,1556,2027,5607,1556,2027,5607,1556,2027,5607,1506,2027,5607,1506,2027,5607,1506,858,4296,216,312,2893,84,1,1480,0,0,1,0,0,0,0,0,0,0,0,0,0,0,0,0,0,0,0,0,0,0,0,0,0,0,0,0,0,0,0,0,0,0,0,0,0
Não,20B_1122L.pdb,73792,268309,279715,71835,261540,272568,69929,254972,265359,68030,248562,258258,66199,242036,251168,64442,235627,244304,62650,229322,237595,60867,223119,231017,59202,217162,224460,57548,211607,218111,55931,205890,211693,54425,200399,205379,52923,194983,199447,51375,189645,193505,49920,184555,187582,48500,179429,181808,47095,174423,176191,45726,169456,170483,44339,164597,164998,42937,159848,159467,41624,155189,154186,40342,150721,149084,39111,146330,143961,37904,142143,139059,36708,138026,134250,35499,134008,129550,34323,130035,124870,33166,126254,120270,31958,122264,115696,30745,118440,111174,29679,114630,106828,28562,110874,102342,27495,107035,97889,26448,103363,93943,25439,99913,89977,24397,96499,86105,23425,93166,82267,22469,90010,78561,21457,86823,74835,20452,83684,71333,19451,80262,67832,18453,77049,64402,17488,73972,61176,16561,70968,57766,15737,68017,54542,14836,65049,51450,13962,62227,48504,13123,59621,45666,12335,57219,42906,11586,54834,40311,10874,52320,37556,10207,49544,34653,9621,46438,31876,9075,43491,29291,8571,40873,26788,8097,38287,24351,7624,35881,22364,7097,33962,20662,6685,32267,18977,6266,30705,17683,5906,29230,16678,5555,27800,15453,4988,25420,13941,4720,23962,12457,4526,22433,11320,4396,20804,10326,4322,19541,9401,4297,18521,8478,4275,17586,7575,4235,16662,6842,4217,15797,6171,4215,15051,5667,4058,13856,5478,3815,12622,5427,3753,12433,5196,2988,11795,3731,2151,7869,1951,2085,7086,1602,2058,5636,1568,2026,5623,1552,2026,5610,1552,2026,5610,1552,2026,5610,1502,2026,5610,1502,2026,5610,1502,846,4295,218,332,2894,84,0,1480,0,0,0,0,0,0,0,0,0,0,0,0,0,0,0,0,0,0,0,0,0,0,0,0,0,0,0,0,0,0,0,0,0,0,0,0,0
Não,20C_80Y.pdb,74041,268446,280243,72086,261740,272995,70163,255117,265764,68278,248638,258725,66455,242197,251664,64675,235752,244852,62862,229427,238050,61066,223360,231346,59366,217468,224874,57704,211723,218484,56097,206139,212107,54574,200611,205814,53050,195097,199810,51512,189888,193884,50063,184705,187964,48657,179647,182189,47233,174618,176512,45825,169567,170819,44447,164845,165292,43081,160055,159861,41741,155383,154476,40450,150902,149304,39199,146481,144173,37997,142295,139287,36774,138150,134472,35614,134196,129811,34398,130188,125098,33236,126355,120477,32005,122482,115918,30805,118615,111471,29747,114749,107124,28606,110990,102595,27547,107143,98148,26506,103547,94102,25480,100014,90165,24442,96629,86270,23480,93317,82479,22485,90132,78659,21504,86986,74988,20488,83856,71434,19496,80403,67967,18468,77178,64536,17507,74102,61275,16602,71095,57943,15732,68145,54647,14857,65116,51542,13980,62322,48632,13145,59681,45781,12334,57284,43077,11605,54945,40466,10885,52505,37705,10224,49715,34780,9641,46574,32018,9120,43615,29397,8617,41031,26895,8096,38428,24487,7665,35990,22460,7107,34067,20739,6719,32340,19042,6314,30839,17738,5916,29318,16752,5558,27891,15512,4990,25514,13991,4718,24027,12512,4523,22506,11355,4380,20865,10360,4336,19544,9419,4305,18523,8467,4286,17585,7594,4248,16683,6859,4232,15834,6161,4230,15082,5654,4053,13902,5483,3827,12659,5429,3767,12438,5196,2984,11783,3725,2157,7851,1961,2091,7076,1602,2064,5636,1567,2032,5621,1552,2032,5608,1552,2032,5608,1552,2032,5608,1502,2032,5608,1502,2032,5608,1502,851,4295,212,299,2891,83,0,1477,0,0,0,0,0,0,0,0,0,0,0,0,0,0,0,0,0,0,0,0,0,0,0,0,0,0,0,0,0,0,0,0,0,0,0,0,0
Não,20E_(EU1).pdb,70896,259398,268931,69043,252790,261904,67182,246522,255090,65336,240084,248407,63583,233835,241617,61865,227705,234926,60165,221568,228266,58540,215645,221811,56887,209719,215493,55291,204108,209354,53803,198759,203179,52298,193445,197244,50873,188262,191298,49448,183136,185689,47994,178245,180054,46602,173370,174511,45280,168596,169197,43935,163895,163889,42609,159261,158598,41381,154810,153393,40113,150420,148217,38953,146020,143336,37751,141823,138632,36607,137799,133869,35477,133744,129400,34343,129840,124881,33152,126113,120448,32027,122332,115981,30836,118532,111658,29687,114857,107438,28565,111112,103191,27522,107449,98978,26394,103649,94803,25314,100071,90805,24323,96701,86819,23333,93374,83055,22354,90129,79368,21390,87055,75804,20437,83931,72143,19397,80808,68682,18401,77654,65255,17445,74572,61884,16481,71482,58650,15612,68468,55425,14709,65610,52265,13843,62694,49373,13050,59991,46540,12274,57442,43764,11564,55120,41112,10855,52867,38469,10198,50457,35853,9590,47833,33190,9012,45029,30577,8481,42266,28127,7982,39732,25767,7502,37320,23509,7123,35042,21519,6654,33130,19912,6312,31471,18351,5999,29986,17232,5709,28590,16297,5436,27277,15209,4954,25109,13704,4669,23542,12269,4467,22119,11232,4299,20572,10250,4246,19327,9342,4220,18287,8476,4201,17361,7602,4154,16396,6875,4138,15519,6161,4136,14775,5612,3975,13687,5415,3744,12510,5345,3686,12292,5139,2954,11690,3761,2118,7931,1933,2048,6978,1576,2021,5564,1542,1991,5550,1527,1991,5537,1527,1991,5537,1527,1991,5537,1478,1991,5537,1477,1991,5537,1477,838,4266,202,318,2857,80,0,1460,0,0,0,0,0,0,0,0,0,0,0,0,0,0,0,0,0,0,0,0,0,0,0,0,0,0,0,0,0,0,0,0,0,0,0,0,0
Sim,20H_(Beta_V2).pdb,73909,266505,278884,71948,259656,271884,70058,253042,264715,68140,246557,257650,66317,240274,250743,64481,233923,243905,62698,227675,237111,60928,221603,230370,59260,215756,223807,57598,209950,217285,55942,204350,211076,54355,198895,204929,52854,193533,198976,51406,188259,192846,50003,183061,187060,48599,178039,181295,47160,172994,175703,45760,168270,170189,44439,163348,164546,43106,158646,159087,41786,153939,153737,40485,149417,148623,39224,145205,143607,37988,140992,138666,36823,136937,133872,35648,132940,129262,34488,128999,124603,33256,125007,119932,32074,121223,115323,30906,117358,110990,29802,113589,106519,28755,109758,102107,27649,105994,97736,26502,102439,93693,25490,98968,89838,24517,95589,85923,23522,92281,82159,22474,89097,78325,21506,85841,74660,20508,82737,70997,19499,79515,67392,18538,76282,64041,17528,73166,60674,16634,70296,57384,15751,67232,54219,14906,64325,51151,14024,61519,48243,13168,58968,45517,12404,56676,42842,11667,54353,40116,10979,51844,37378,10315,49067,34597,9689,46057,31771,9134,43136,29129,8620,40584,26701,8108,38041,24323,7703,35659,22349,7153,33777,20614,6765,32065,18882,6334,30576,17665,5949,29092,16635,5606,27640,15453,5044,25308,13912,4768,23882,12373,4544,22331,11242,4410,20726,10275,4342,19461,9370,4310,18410,8455,4284,17508,7562,4241,16596,6812,4225,15719,6176,4220,15033,5667,4046,13790,5470,3817,12587,5408,3761,12390,5210,2998,11787,3727,2148,7892,1946,2086,7051,1596,2059,5629,1561,2027,5603,1546,2027,5592,1546,2027,5592,1546,2027,5592,1498,2027,5592,1496,2027,5592,1496,849,4294,209,335,2881,84,0,1471,0,0,0,0,0,0,0,0,0,0,0,0,0,0,0,0,0,0,0,0,0,0,0,0,0,0,0,0,0,0,0,0,0,0,0,0,0
Sim,20I_(Alpha_V1).pdb,72545,264146,275783,70679,257497,268848,68793,251138,261792,66871,244697,254835,65009,238436,247910,63225,232199,241148,61510,225960,234481,59825,219974,227932,58198,214094,221504,56644,208436,215024,55051,202966,208772,53584,197581,202765,52048,192373,196716,50559,187160,190831,49054,182017,185143,47672,177137,179421,46282,172278,173694,44926,167501,168060,43585,162676,162645,42250,158000,157317,40972,153477,152159,39803,148959,147129,38611,144707,142153,37446,140580,137234,36265,136625,132521,35058,132734,127861,33856,128892,123276,32663,125017,118662,31509,121143,114183,30407,117228,109678,29292,113403,105312,28222,109679,100941,27167,106016,96663,26095,102385,92599,25095,98946,88754,24149,95619,84914,23151,92399,81119,22118,89259,77347,21054,86135,73715,20049,82964,70253,19082,79723,66762,18136,76490,63367,17179,73356,60070,16287,70409,56760,15407,67451,53650,14546,64561,50648,13627,61811,47777,12797,59242,45046,12055,56935,42338,11365,54529,39697,10694,52069,36989,10038,49378,34188,9431,46339,31401,8871,43364,28901,8391,40857,26559,7929,38381,24298,7514,35932,22323,6984,34030,20594,6604,32416,18966,6231,30872,17706,5876,29432,16647,5502,27976,15469,4986,25607,13937,4702,24158,12471,4508,22573,11381,4377,20931,10400,4312,19601,9501,4290,18524,8521,4273,17625,7627,4237,16677,6851,4217,15809,6142,4216,15029,5643,4054,13817,5476,3816,12612,5422,3761,12403,5188,2965,11785,3705,2153,7858,1959,2087,7066,1604,2060,5627,1569,2026,5606,1552,2026,5592,1552,2026,5592,1552,2026,5592,1502,2026,5592,1502,2026,5592,1502,847,4291,219,299,2885,88,0,1476,0,0,0,0,0,0,0,0,0,0,0,0,0,0,0,0,0,0,0,0,0,0,0,0,0,0,0,0,0,0,0,0,0,0,0,0,0
Sim,20J_(Gamma_V3).pdb,74670,267275,280752,72656,260407,273715,70764,253767,266510,68822,247260,259370,66988,240981,252490,65119,234512,245548,63296,228319,238688,61521,222201,231916,59809,216303,225329,58131,210508,218773,56467,204901,212526,54867,199504,206328,53357,194131,200376,51875,188821,194146,50476,183516,188284,49050,178520,182493,47599,173507,176818,46225,168767,171305,44860,163889,165639,43528,159152,160085,42171,154392,154701,40870,149932,149594,39575,145670,144540,38348,141469,139544,37175,137430,134791,35991,133394,130034,34800,129467,125362,33584,125447,120655,32402,121586,116025,31212,117731,111687,30103,113937,107171,29030,110211,102718,27911,106414,98321,26781,102819,94267,25734,99313,90335,24767,95920,86461,23763,92632,82656,22708,89457,78820,21713,86156,75074,20711,83057,71460,19687,79820,67841,18701,76565,64429,17687,73438,61038,16774,70545,57703,15900,67524,54529,15055,64604,51420,14161,61752,48491,13311,59248,45735,12523,56885,43039,11774,54506,40346,11067,51984,37548,10403,49206,34743,9773,46216,31913,9209,43315,29236,8699,40754,26761,8178,38235,24373,7756,35834,22405,7196,33930,20685,6811,32189,18938,6391,30688,17711,5989,29207,16681,5636,27739,15448,5081,25399,13910,4799,23947,12400,4589,22429,11255,4457,20817,10275,4392,19556,9358,4353,18472,8468,4331,17569,7556,4290,16641,6810,4274,15773,6178,4271,15081,5670,4092,13831,5471,3861,12635,5412,3804,12422,5204,3024,11804,3709,2169,7881,1945,2102,7065,1593,2076,5642,1560,2046,5616,1545,2046,5605,1545,2046,5605,1545,2046,5605,1496,2046,5605,1495,2046,5605,1495,871,4296,207,349,2886,80,0,1476,0,0,0,0,0,0,0,0,0,0,0,0,0,0,0,0,0,0,0,0,0,0,0,0,0,0,0,0,0,0,0,0,0,0,0,0,0
Sim,21A_(Delta).pdb,72256,263255,273919,70385,256553,266906,68521,250100,259803,66678,243814,253035,64867,237382,246212,63035,231210,239422,61323,225042,232853,59688,218872,226271,58011,213071,219842,56457,207483,213550,54888,201904,207285,53401,196592,201334,51939,191356,195327,50494,186062,189521,49095,180996,183794,47702,175979,178114,46260,170982,172428,44915,166245,166966,43542,161436,161539,42265,156839,156279,41062,152311,151107,39775,147989,145958,38595,143781,141037,37411,139663,136230,36171,135545,131419,35004,131616,126770,33817,127843,122133,32606,123984,117610,31494,120173,113211,30335,116282,108932,29207,112533,104564,28115,108833,100140,27035,105120,95930,26026,101460,91909,25040,98092,88066,23975,94751,84219,22975,91561,80483,21997,88430,76674,20999,85391,73028,20049,82318,69603,19019,79122,66107,18029,75907,62744,17116,72840,59479,16193,69863,56312,15340,67019,53235,14414,64123,50294,13576,61340,47398,12763,58866,44704,12013,56591,41987,11299,54381,39379,10588,51851,36704,9937,49172,33909,9357,46086,31127,8820,43242,28631,8322,40688,26249,7839,38094,23945,7450,35684,22004,6934,33842,20339,6583,32123,18739,6205,30622,17538,5852,29206,16546,5498,27779,15332,4965,25462,13795,4712,24000,12322,4494,22444,11253,4364,20848,10293,4298,19591,9390,4272,18513,8459,4249,17624,7571,4216,16691,6805,4195,15792,6174,4193,15039,5662,4026,13816,5475,3793,12627,5421,3731,12417,5203,2974,11801,3716,2138,7857,1964,2076,7076,1604,2050,5643,1568,2018,5620,1552,2018,5605,1552,2018,5605,1552,2018,5605,1502,2018,5605,1502,2018,5605,1502,841,4298,212,311,2895,84,0,1477,0,0,0,0,0,0,0,0,0,0,0,0,0,0,0,0,0,0,0,0,0,0,0,0,0,0,0,0,0,0,0,0,0,0,0,0,0
Não,21B_(Kappa).pdb,72990,264765,276414,71114,258138,269215,69214,251460,262092,67372,244975,255143,65545,238575,248232,63761,232287,241402,61941,226091,234831,60229,220104,228192,58574,214117,221690,56892,208352,215281,55382,202833,208904,53848,197343,202743,52334,191993,196693,50857,186811,190854,49414,181680,185098,48018,176709,179470,46654,171848,173931,45291,167001,168389,43959,162302,162949,42707,157721,157652,41421,153177,152394,40171,148801,147098,38875,144509,142107,37703,140410,137150,36511,136410,132485,35314,132372,127819,34099,128522,123168,32905,124677,118660,31793,120801,114292,30656,116971,109918,29502,113185,105549,28368,109430,101129,27322,105816,96815,26262,102221,92647,25216,98761,88808,24122,95428,84927,23133,92245,81231,22137,88973,77492,21175,85793,73993,20172,82682,70398,19201,79395,66884,18255,76238,63351,17254,73260,60056,16301,70316,56745,15400,67424,53542,14480,64473,50513,13630,61655,47589,12810,59096,44792,12081,56733,42133,11348,54414,39488,10649,51936,36764,10035,49186,34039,9448,46171,31268,8882,43294,28786,8379,40831,26281,7911,38373,24050,7461,35924,22062,6956,34041,20412,6564,32284,18786,6186,30745,17584,5841,29334,16628,5533,27860,15437,5009,25574,13963,4748,24080,12498,4538,22516,11391,4399,20946,10414,4326,19710,9510,4300,18672,8572,4273,17652,7687,4236,16721,6835,4218,15825,6175,4215,15070,5665,4039,13848,5478,3815,12627,5429,3758,12437,5200,3003,11830,3756,2151,7823,1966,2087,7092,1608,2060,5641,1573,2026,5628,1556,2026,5613,1556,2026,5613,1556,2026,5613,1506,2026,5613,1506,2026,5613,1506,850,4308,218,331,2895,88,0,1476,0,0,0,0,0,0,0,0,0,0,0,0,0,0,0,0,0,0,0,0,0,0,0,0,0,0,0,0,0,0,0,0,0,0,0,0,0
Não,21C_(Epsilon).pdb,73311,268711,279032,71358,262017,271752,69469,255354,264615,67597,248930,257606,65758,242429,250548,64014,236023,243686,62227,229692,236985,60438,223533,230396,58778,217620,223860,57133,211950,217523,55536,206338,211127,54061,200735,204833,52551,195336,198916,50991,190042,193048,49571,184880,187134,48169,179761,181396,46777,174779,175745,45394,169758,170114,44055,164980,164602,42688,160130,159106,41352,155488,153827,40061,150945,148667,38866,146587,143598,37637,142390,138702,36448,138280,133913,35272,134240,129270,34087,130243,124583,32919,126432,119991,31743,122458,115481,30560,118629,111000,29498,114811,106669,28364,111035,102143,27319,107205,97750,26284,103552,93746,25268,100052,89788,24235,96626,85921,23278,93342,82102,22313,90089,78384,21304,87035,74716,20337,83827,71138,19330,80381,67686,18320,77156,64272,17360,74143,61020,16447,71065,57669,15596,68099,54447,14722,65103,51348,13850,62322,48442,13017,59690,45579,12235,57313,42850,11489,54942,40275,10788,52425,37514,10133,49677,34598,9538,46562,31834,9033,43560,29269,8518,40981,26759,8021,38363,24367,7562,35943,22353,7024,34052,20627,6627,32339,18953,6226,30789,17642,5859,29277,16676,5497,27856,15454,4945,25471,13926,4666,24023,12447,4479,22439,11334,4338,20808,10335,4285,19545,9403,4260,18533,8451,4239,17587,7558,4205,16664,6846,4188,15813,6163,4185,15085,5666,4012,13883,5477,3787,12640,5427,3733,12442,5216,2952,11790,3744,2134,7855,1962,2071,7078,1601,2047,5647,1568,2015,5627,1552,2015,5613,1552,2015,5613,1552,2015,5613,1501,2015,5613,1501,2015,5613,1501,849,4298,210,293,2896,81,0,1480,0,0,1,0,0,0,0,0,0,0,0,0,0,0,0,0,0,0,0,0,0,0,0,0,0,0,0,0,0,0,0,0,0,0,0,0,0
Não,21D_(Eta).pdb,73331,267388,278131,71376,260678,271097,69477,254177,263866,67605,247735,256908,65767,241171,249856,63994,234841,243021,62243,228429,236370,60479,222278,229763,58764,216428,223293,57156,210743,216791,55523,205106,210399,54032,199625,204231,52544,194210,198300,51031,188963,192320,49531,183770,186472,48151,178578,180731,46731,173663,175188,45398,168721,169468,44006,163909,163909,42613,159100,158575,41316,154480,153196,40016,150074,148111,38816,145680,143204,37613,141437,138242,36417,137328,133448,35218,133386,128848,34047,129414,124159,32911,125641,119573,31719,121705,115049,30545,117817,110572,29468,114101,106256,28339,110274,101810,27332,106501,97382,26269,102867,93452,25280,99414,89546,24268,96021,85622,23294,92747,81834,22303,89592,78070,21326,86380,74430,20312,83195,70972,19348,79914,67427,18356,76616,64039,17382,73594,60826,16480,70625,57452,15639,67687,54257,14758,64730,51125,13892,61896,48245,13035,59316,45411,12292,56908,42654,11523,54548,40077,10821,52012,37265,10153,49205,34444,9560,46107,31641,9050,43194,29064,8513,40601,26674,8055,38056,24193,7583,35673,22200,7050,33768,20448,6641,32071,18785,6237,30493,17521,5857,29037,16532,5537,27618,15370,4996,25271,13841,4710,23836,12367,4505,22347,11240,4376,20732,10295,4298,19493,9355,4269,18474,8408,4243,17492,7548,4206,16541,6819,4186,15695,6148,4185,14995,5653,4057,13706,5456,3790,12587,5406,3722,12406,5164,2952,11712,3701,2147,7960,1965,2073,7050,1599,2046,5621,1563,2015,5609,1547,2015,5597,1547,2015,5596,1547,2015,5596,1497,2015,5596,1497,2015,5596,1497,858,4296,209,453,2884,85,0,1474,0,0,0,0,0,0,0,0,0,0,0,0,0,0,0,0,0,0,0,0,0,0,0,0,0,0,0,0,0,0,0,0,0,0,0,0,0
Não,21F_(Iota).pdb,73949,268219,279946,71968,261527,272697,70088,254800,265489,68202,248417,258437,66364,241919,251297,64615,235594,244507,62829,229287,237787,61025,223106,231128,59342,217243,224519,57707,211514,218162,56117,205878,211749,54611,200301,205444,53099,194897,199509,51507,189624,193606,50065,184450,187703,48655,179343,181955,47258,174342,176319,45872,169339,170647,44494,164600,165119,43130,159789,159592,41769,155196,154278,40475,150672,149080,39233,146302,144019,38014,142103,139107,36806,138030,134311,35620,133960,129671,34426,129999,124933,33227,126155,120315,32042,122219,115825,30845,118412,111328,29750,114601,106964,28611,110827,102421,27561,106992,98043,26506,103328,94011,25483,99854,90025,24448,96417,86137,23480,93175,82324,22510,89929,78597,21468,86844,74920,20496,83668,71334,19486,80253,67873,18465,77046,64443,17485,74036,61181,16574,70934,57804,15728,67994,54595,14838,64985,51507,13969,62210,48591,13132,59571,45698,12354,57213,42972,11603,54858,40365,10884,52327,37576,10225,49576,34686,9629,46489,31914,9097,43482,29350,8565,40910,26824,8080,38281,24414,7627,35861,22401,7080,33985,20667,6698,32287,19009,6290,30729,17687,5924,29233,16716,5555,27823,15490,5016,25422,13934,4712,23987,12477,4523,22407,11358,4381,20765,10360,4326,19511,9420,4301,18487,8467,4278,17552,7565,4243,16628,6838,4224,15786,6158,4222,15063,5662,4035,13870,5473,3823,12629,5427,3766,12427,5202,2979,11785,3732,2155,7851,1958,2090,7066,1600,2063,5636,1566,2031,5619,1550,2031,5605,1550,2031,5605,1550,2031,5605,1500,2031,5605,1500,2031,5605,1500,857,4291,211,306,2889,84,0,1476,0,0,0,0,0,0,0,0,0,0,0,0,0,0,0,0,0,0,0,0,0,0,0,0,0,0,0,0,0,0,0,0,0,0,0,0,0
Não,21G_(Lambda).pdb,73318,266990,278386,71360,260288,271269,69447,253695,264093,67599,247330,257054,65770,240812,250011,64043,234432,243158,62279,228099,236573,60521,221892,230003,58855,216035,223424,57233,210403,217085,55629,204735,210684,54152,199235,204446,52655,193828,198521,51126,188577,192616,49672,183498,186738,48257,178354,181014,46861,173375,175448,45495,168457,169717,44119,163596,164216,42735,158898,158828,41414,154303,153526,40122,149852,148398,38927,145465,143329,37722,141281,138423,36534,137196,133615,35336,133202,128929,34152,129314,124273,33003,125551,119651,31819,121590,115175,30626,117792,110702,29549,113997,106342,28428,110253,101871,27388,106481,97391,26328,102838,93462,25313,99383,89526,24291,96004,85692,23333,92714,81839,22365,89567,78156,21368,86373,74425,20383,83259,70956,19389,79866,67447,18399,76649,64001,17417,73590,60868,16486,70625,57437,15673,67673,54280,14769,64736,51162,13902,61933,48214,13080,59309,45398,12288,56958,42638,11518,54583,40063,10839,52063,37308,10167,49273,34441,9577,46159,31694,9047,43242,29090,8528,40644,26633,8050,38057,24185,7573,35664,22230,7051,33785,20554,6634,32078,18872,6227,30526,17588,5864,29070,16571,5524,27603,15376,4971,25261,13868,4698,23802,12407,4485,22296,11272,4363,20665,10303,4279,19411,9380,4253,18385,8423,4230,17461,7558,4190,16535,6809,4170,15709,6144,4167,14932,5663,3986,13768,5458,3774,12535,5408,3716,12354,5167,2951,11667,3697,2128,7762,1957,2066,7047,1596,2039,5605,1562,2007,5590,1546,2007,5577,1546,2007,5577,1546,2007,5577,1496,2007,5577,1496,2007,5577,1496,838,4271,212,314,2880,83,0,1474,0,0,1,0,0,0,0,0,0,0,0,0,0,0,0,0,0,0,0,0,0,0,0,0,0,0,0,0,0,0,0,0,0,0,0,0,0
Não,21H_(Mu).pdb,73758,267865,279241,71792,261189,272186,69879,254704,264903,67998,248251,257880,66158,241666,250827,64407,235308,243977,62614,228940,237288,60865,222773,230638,59172,216996,224157,57541,211298,217645,55904,205649,211277,54391,200176,205067,52878,194756,199114,51353,189417,193142,49863,184266,187248,48457,179119,181503,47043,174154,175912,45715,169198,170214,44336,164412,164603,42916,159643,159239,41611,155042,153811,40300,150579,148714,39087,146158,143782,37872,141911,138814,36656,137814,133977,35459,133840,129327,34280,129878,124656,33143,126080,120086,31945,122099,115487,30755,118213,111038,29671,114496,106693,28535,110671,102253,27493,106886,97787,26451,103227,93818,25433,99739,89890,24428,96384,85965,23438,93107,82162,22442,89886,78416,21454,86669,74765,20434,83483,71268,19468,80188,67709,18466,76873,64337,17495,73856,61098,16577,70833,57727,15736,67900,54520,14846,64963,51373,13975,62123,48469,13120,59508,45635,12366,57113,42869,11605,54741,40273,10890,52195,37439,10220,49371,34600,9619,46260,31781,9114,43347,29177,8573,40730,26773,8093,38199,24295,7623,35768,22262,7095,33870,20515,6683,32163,18869,6263,30567,17592,5890,29123,16598,5572,27687,15436,5023,25335,13885,4738,23876,12413,4531,22389,11297,4395,20761,10360,4314,19541,9408,4288,18529,8472,4263,17538,7592,4226,16580,6850,4205,15726,6178,4203,15023,5678,4076,13734,5473,3805,12605,5424,3732,12429,5187,2965,11750,3717,2150,7966,1972,2081,7067,1607,2056,5638,1571,2022,5620,1553,2022,5608,1553,2022,5607,1553,2022,5607,1503,2022,5607,1503,2022,5607,1503,864,4297,208,475,2888,89,0,1477,0,0,0,0,0,0,0,0,0,0,0,0,0,0,0,0,0,0,0,0,0,0,0,0,0,0,0,0,0,0,0,0,0,0,0,0,0
Sim,21I_(Delta).pdb,72476,263147,274073,70547,256538,267042,68717,250032,260072,66876,243695,253098,65017,237313,246346,63196,231102,239563,61505,224867,232951,59824,218843,226426,58225,212979,219954,56594,207314,213665,55005,201859,207464,53541,196490,201328,52060,191248,195402,50633,185944,189599,49234,180967,183892,47787,175858,178166,46386,170945,172477,45040,166082,167036,43651,161336,161621,42337,156733,156367,41153,152216,151167,39901,147855,146099,38682,143695,141092,37454,139585,136281,36255,135555,131452,35075,131549,126804,33843,127758,122221,32697,123909,117665,31545,120047,113267,30380,116204,108997,29283,112451,104639,28173,108770,100223,27094,105043,96043,26075,101397,91960,25060,97988,88160,24036,94688,84271,23039,91516,80503,22028,88334,76790,21079,85267,73133,20066,82168,69655,19079,79008,66196,18078,75816,62745,17158,72792,59524,16215,69827,56313,15352,66956,53228,14442,64038,50342,13618,61267,47410,12760,58808,44731,12025,56461,42012,11347,54224,39408,10632,51770,36707,9968,49095,33944,9374,46012,31203,8827,43175,28709,8345,40642,26284,7880,38104,24012,7475,35684,22020,6961,33846,20383,6595,32097,18744,6221,30572,17548,5858,29161,16582,5518,27746,15362,5005,25469,13836,4730,23964,12382,4518,22437,11285,4377,20848,10318,4309,19605,9437,4278,18520,8480,4253,17619,7599,4219,16696,6826,4199,15805,6193,4196,15026,5683,4033,13817,5478,3796,12610,5422,3737,12418,5210,3007,11831,3759,2141,7858,1967,2079,7071,1604,2052,5639,1568,2020,5620,1552,2020,5605,1552,2020,5605,1552,2020,5605,1502,2020,5605,1502,2020,5605,1502,846,4307,216,329,2895,85,0,1477,0,0,0,0,0,0,0,0,0,0,0,0,0,0,0,0,0,0,0,0,0,0,0,0,0,0,0,0,0,0,0,0,0,0,0,0,0
Sim,21J_(Delta).pdb,72256,263255,273919,70385,256553,266906,68521,250100,259803,66678,243814,253035,64867,237382,246212,63035,231210,239422,61323,225042,232853,59688,218872,226271,58011,213071,219842,56457,207483,213550,54888,201904,207285,53401,196592,201334,51939,191356,195327,50494,186062,189521,49095,180996,183794,47702,175979,178114,46260,170982,172428,44915,166245,166966,43542,161436,161539,42265,156839,156279,41062,152311,151107,39775,147989,145958,38595,143781,141037,37411,139663,136230,36171,135545,131419,35004,131616,126770,33817,127843,122133,32606,123984,117610,31494,120173,113211,30335,116282,108932,29207,112533,104564,28115,108833,100140,27035,105120,95930,26026,101460,91909,25040,98092,88066,23975,94751,84219,22975,91561,80483,21997,88430,76674,20999,85391,73028,20049,82318,69603,19019,79122,66107,18029,75907,62744,17116,72840,59479,16193,69863,56312,15340,67019,53235,14414,64123,50294,13576,61340,47398,12763,58866,44704,12013,56591,41987,11299,54381,39379,10588,51851,36704,9937,49172,33909,9357,46086,31127,8820,43242,28631,8322,40688,26249,7839,38094,23945,7450,35684,22004,6934,33842,20339,6583,32123,18739,6205,30622,17538,5852,29206,16546,5498,27779,15332,4965,25462,13795,4712,24000,12322,4494,22444,11253,4364,20848,10293,4298,19591,9390,4272,18513,8459,4249,17624,7571,4216,16691,6805,4195,15792,6174,4193,15039,5662,4026,13816,5475,3793,12627,5421,3731,12417,5203,2974,11801,3716,2138,7857,1964,2076,7076,1604,2050,5643,1568,2018,5620,1552,2018,5605,1552,2018,5605,1552,2018,5605,1502,2018,5605,1502,2018,5605,1502,841,4298,212,311,2895,84,0,1477,0,0,0,0,0,0,0,0,0,0,0,0,0,0,0,0,0,0,0,0,0,0,0,0,0,0,0,0,0,0,0,0,0,0,0,0,0
Sim,21K_(Omicron).pdb,71916,259199,272063,70061,252509,265000,68230,246336,258073,66392,240029,251238,64556,233799,244378,62859,227878,237688,61110,222069,231064,59428,216228,224743,57824,210517,218450,56251,205077,212180,54734,199833,205969,53269,194516,199894,51796,189327,193979,50415,184196,188258,49022,179139,182664,47649,174164,177143,46233,169492,171744,44906,164840,166347,43533,160245,161036,42265,155756,155768,41011,151244,150623,39771,146944,145529,38542,142655,140714,37374,138631,135870,36154,134614,131158,34950,130762,126574,33759,126955,122121,32518,123112,117598,31282,119179,113153,30039,115349,108775,28885,111704,104501,27716,108093,100170,26602,104466,95905,25501,100900,91850,24490,97418,87904,23492,93923,83927,22493,90685,80161,21428,87543,76485,20396,84401,72825,19424,81207,69351,18404,77920,65886,17389,74758,62444,16381,71662,59243,15474,68645,56000,14499,65708,52885,13662,62838,49739,12905,60072,46956,12154,57577,44216,11426,55328,41657,10734,53000,39124,10081,50623,36541,9443,48174,33863,8884,45310,31216,8381,42608,28732,7916,40155,26308,7491,37744,24121,7137,35384,22140,6679,33512,20482,6356,31701,18874,6059,30171,17722,5780,28771,16752,5543,27433,15644,5070,25210,14230,4782,23750,12793,4585,22290,11679,4420,20738,10679,4372,19437,9719,4350,18393,8717,4330,17423,7736,4294,16464,6884,4276,15606,6195,4275,14922,5699,4097,13892,5494,3862,12589,5437,3808,12350,5201,3039,11752,3752,2174,7886,1964,2114,7034,1610,2088,5607,1573,2054,5585,1556,2054,5572,1556,2054,5572,1556,2054,5572,1507,2054,5572,1506,2053,5569,1505,870,4291,215,340,2870,88,0,1466,0,0,1,0,0,0,0,0,0,0,0,0,0,0,0,0,0,0,0,0,0,0,0,0,0,0,0,0,0,0,0,0,0,0,0,0,0
Sim,21L_(Omicron).pdb,68548,248030,258989,66751,241936,252324,64969,235785,245594,63299,229670,239007,61598,223903,232631,59929,218112,226125,58223,212357,219932,56617,206731,213712,55065,201441,207594,53616,196256,201608,52200,191061,195772,50812,185831,190043,49419,180807,184483,48027,175977,179049,46706,171133,173640,45372,166458,168363,44042,161909,163098,42733,157378,158018,41478,152920,152920,40206,148638,147988,39020,144503,142991,37873,140380,138223,36709,136265,133494,35578,132284,129029,34501,128579,124519,33308,124901,120283,32228,121301,115972,31044,117774,111748,29928,114137,107572,28799,110507,103440,27714,106932,99359,26654,103323,95273,25544,99891,91307,24530,96504,87359,23546,93302,83699,22599,90146,80206,21633,87128,76672,20651,84113,73181,19670,81096,69673,18725,78011,66196,17787,74891,62846,16796,71872,59695,15875,69062,56596,14975,66173,53451,14106,63346,50445,13285,60574,47552,12494,57981,44805,11746,55585,42108,11002,53393,39592,10349,51146,37163,9681,48800,34661,9094,46308,32053,8533,43443,29515,8000,40791,27006,7526,38353,24680,7115,35926,22591,6750,33731,20675,6278,32063,19080,5964,30434,17628,5642,29009,16577,5381,27670,15596,5146,26298,14542,4710,24150,13146,4546,22804,11872,4419,21401,10873,4327,19909,9958,4308,18715,9124,4296,17739,8304,4278,16916,7455,4244,16101,6728,4220,15308,6061,4220,14626,5569,4041,13554,5378,3811,12361,5323,3753,12150,5114,2977,11567,3626,2140,7638,1906,2081,6918,1577,2054,5513,1542,2020,5495,1525,2020,5482,1525,2020,5482,1525,2020,5482,1476,2020,5482,1476,2020,5481,1475,860,4200,212,293,2825,87,0,1444,0,0,0,0,0,0,0,0,0,0,0,0,0,0,0,0,0,0,0,0,0,0,0,0,0,0,0,0,0,0,0,0,0,0,0,0,0
Sim,22A_(Omicron).pdb,68144,248271,258204,66347,242091,251495,64589,235951,244858,62930,229919,238244,61250,224112,231815,59598,218265,225417,57894,212513,219233,56310,206898,212999,54783,201511,206905,53323,196336,200960,51922,191071,195128,50545,185899,189402,49157,180797,183903,47770,176024,178462,46450,171163,173079,45148,166473,167818,43819,161917,162549,42517,157390,157500,41270,152939,152401,40003,148658,147485,38832,144436,142523,37675,140303,137745,36528,136211,133048,35406,132190,128565,34311,128518,124106,33140,124813,119807,32046,121198,115568,30893,117659,111356,29769,114049,107169,28633,110342,103074,27566,106762,98986,26515,103187,94895,25432,99800,90961,24415,96411,87111,23430,93193,83414,22490,90006,79909,21529,87024,76391,20545,83975,72949,19560,80936,69370,18638,77896,65939,17710,74751,62666,16718,71722,59512,15791,68939,56365,14917,66060,53273,14040,63188,50291,13237,60451,47398,12440,57866,44672,11698,55515,41962,10954,53305,39520,10309,51059,37009,9628,48698,34516,9061,46238,31953,8512,43360,29387,7968,40683,26891,7476,38239,24570,7090,35799,22511,6725,33645,20584,6253,31963,18946,5937,30382,17580,5612,28966,16487,5346,27669,15536,5104,26281,14450,4686,24071,13067,4517,22754,11822,4388,21341,10825,4300,19829,9916,4277,18645,9069,4265,17661,8252,4250,16851,7416,4210,16012,6695,4192,15258,6028,4192,14592,5536,4009,13423,5360,3788,12352,5314,3719,12126,5070,2956,11441,3583,2129,7639,1914,2066,6906,1569,2041,5507,1536,2009,5489,1520,2009,5477,1520,2009,5476,1520,2009,5476,1471,2009,5476,1471,2009,5476,1471,851,4190,209,276,2823,81,0,1442,0,0,0,0,0,0,0,0,0,0,0,0,0,0,0,0,0,0,0,0,0,0,0,0,0,0,0,0,0,0,0,0,0,0,0,0,0
Sim,22B_(Omicron).pdb,68144,248271,258204,66347,242091,251495,64589,235951,244858,62930,229919,238244,61250,224112,231815,59598,218265,225417,57894,212513,219233,56310,206898,212999,54783,201511,206905,53323,196336,200960,51922,191071,195128,50545,185899,189402,49157,180797,183903,47770,176024,178462,46450,171163,173079,45148,166473,167818,43819,161917,162549,42517,157390,157500,41270,152939,152401,40003,148658,147485,38832,144436,142523,37675,140303,137745,36528,136211,133048,35406,132190,128565,34311,128518,124106,33140,124813,119807,32046,121198,115568,30893,117659,111356,29769,114049,107169,28633,110342,103074,27566,106762,98986,26515,103187,94895,25432,99800,90961,24415,96411,87111,23430,93193,83414,22490,90006,79909,21529,87024,76391,20545,83975,72949,19560,80936,69370,18638,77896,65939,17710,74751,62666,16718,71722,59512,15791,68939,56365,14917,66060,53273,14040,63188,50291,13237,60451,47398,12440,57866,44672,11698,55515,41962,10954,53305,39520,10309,51059,37009,9628,48698,34516,9061,46238,31953,8512,43360,29387,7968,40683,26891,7476,38239,24570,7090,35799,22511,6725,33645,20584,6253,31963,18946,5937,30382,17580,5612,28966,16487,5346,27669,15536,5104,26281,14450,4686,24071,13067,4517,22754,11822,4388,21341,10825,4300,19829,9916,4277,18645,9069,4265,17661,8252,4250,16851,7416,4210,16012,6695,4192,15258,6028,4192,14592,5536,4009,13423,5360,3788,12352,5314,3719,12126,5070,2956,11441,3583,2129,7639,1914,2066,6906,1569,2041,5507,1536,2009,5489,1520,2009,5477,1520,2009,5476,1520,2009,5476,1471,2009,5476,1471,2009,5476,1471,851,4190,209,276,2823,81,0,1442,0,0,0,0,0,0,0,0,0,0,0,0,0,0,0,0,0,0,0,0,0,0,0,0,0,0,0,0,0,0,0,0,0,0,0,0,0
Sim,22C_(Omicron).pdb,68472,248206,259061,66685,242088,252396,64902,235947,245668,63238,229841,239076,61539,224071,232726,59869,218272,226196,58161,212516,220011,56574,206879,213786,55015,201563,207674,53567,196393,201708,52158,191184,195854,50771,185955,190111,49385,180905,184550,47990,176054,179123,46663,171229,173703,45332,166547,168437,44001,162004,163153,42701,157459,158064,41452,153016,152974,40178,148733,148047,39004,144590,143058,37844,140465,138252,36690,136344,133545,35558,132361,129072,34488,128640,124555,33298,124967,120312,32215,121377,116003,31032,117832,111796,29915,114201,107614,28786,110578,103483,27699,107001,99396,26639,103392,95296,25535,99961,91356,24512,96568,87399,23528,93357,83735,22590,90196,80236,21624,87170,76715,20640,84164,73206,19658,81126,69689,18725,78059,66215,17781,74916,62877,16784,71903,59718,15864,69094,56614,14969,66177,53478,14104,63354,50463,13284,60597,47572,12490,57998,44832,11734,55585,42123,10997,53402,39628,10345,51159,37196,9677,48792,34688,9094,46318,32087,8533,43444,29542,7998,40787,27018,7525,38375,24685,7116,35928,22604,6747,33704,20693,6282,32054,19085,5963,30431,17648,5645,28998,16579,5379,27659,15608,5149,26287,14554,4712,24140,13160,4547,22801,11887,4423,21397,10882,4328,19911,9971,4309,18713,9138,4297,17737,8321,4279,16918,7467,4244,16111,6741,4221,15314,6073,4221,14628,5573,4043,13557,5385,3812,12358,5332,3755,12148,5125,2974,11574,3635,2139,7658,1909,2081,6917,1579,2055,5514,1544,2021,5495,1527,2021,5482,1527,2021,5482,1527,2021,5482,1478,2021,5482,1478,2021,5482,1478,859,4205,209,290,2827,86,0,1444,0,0,0,0,0,0,0,0,0,0,0,0,0,0,0,0,0,0,0,0,0,0,0,0,0,0,0,0,0,0,0,0,0,0,0,0,0
Sim,22D_(Omicron).pdb,68281,248931,258816,66511,242796,252152,64706,236625,245446,63026,230515,238884,61326,224677,232436,59702,218862,226006,57958,213147,219763,56393,207534,213566,54860,202192,207471,53427,196967,201517,51999,191757,195635,50590,186499,189971,49189,181443,184408,47834,176579,178997,46497,171734,173623,45166,167032,168315,43849,162453,163100,42530,157915,157947,41290,153458,152836,40033,149169,147959,38846,144987,142897,37724,140800,138141,36558,136740,133434,35429,132748,128981,34336,128963,124481,33160,125323,120219,32074,121718,115964,30917,118126,111711,29809,114437,107487,28679,110855,103410,27591,107257,99291,26506,103671,95221,25427,100183,91166,24412,96796,87308,23439,93554,83641,22512,90371,80142,21543,87366,76618,20589,84348,73064,19594,81248,69638,18640,78177,66173,17699,75067,62812,16736,72062,59672,15791,69192,56559,14915,66333,53431,14051,63490,50424,13215,60729,47573,12447,58133,44804,11691,55679,42082,10963,53507,39543,10289,51254,37164,9631,48896,34638,9042,46371,32065,8484,43517,29504,7949,40818,27011,7471,38403,24677,7044,35995,22558,6699,33787,20668,6234,32116,19093,5921,30472,17631,5588,29068,16573,5334,27762,15613,5106,26336,14543,4671,24172,13153,4510,22832,11879,4384,21423,10872,4294,19934,9954,4273,18760,9123,4265,17763,8309,4245,16955,7467,4215,16132,6731,4189,15317,6071,4189,14634,5579,4012,13579,5380,3786,12375,5332,3731,12156,5123,2952,11564,3618,2126,7633,1907,2070,6925,1579,2046,5516,1545,2010,5499,1527,2010,5486,1527,2010,5486,1527,2010,5486,1478,2010,5486,1478,2010,5485,1478,843,4204,214,282,2825,88,0,1443,0,0,0,0,0,0,0,0,0,0,0,0,0,0,0,0,0,0,0,0,0,0,0,0,0,0,0,0,0,0,0,0,0,0,0,0,0
Sim,22E_(Omicron).pdb,68108,247819,257946,66326,241569,251220,64569,235492,244613,62909,229411,238007,61240,223618,231574,59585,217786,225206,57876,212111,219030,56307,206506,212796,54763,201158,206694,53316,195978,200764,51910,190773,194945,50531,185590,189215,49147,180462,183688,47762,175702,178322,46444,170899,172909,45135,166247,167641,43814,161677,162421,42508,157151,157366,41271,152727,152259,39995,148425,147353,38821,144252,142370,37673,140140,137646,36519,136038,132900,35405,132052,128458,34332,128365,123979,33152,124679,119730,32052,121101,115493,30893,117554,111314,29768,113925,107112,28644,110305,103039,27591,106718,98925,26514,103158,94841,25437,99769,90915,24419,96373,87032,23430,93141,83357,22502,90001,79863,21535,86984,76339,20557,83969,72901,19568,80944,69363,18630,77883,65932,17710,74760,62625,16721,71711,59472,15787,68905,56344,14920,66031,53248,14058,63191,50256,13237,60454,47362,12447,57861,44650,11702,55497,41909,10963,53291,39470,10317,51056,37002,9634,48685,34495,9069,46209,31927,8511,43345,29359,7968,40678,26887,7476,38245,24557,7096,35789,22500,6725,33663,20603,6258,31974,18934,5939,30378,17573,5618,28977,16504,5353,27657,15552,5110,26262,14448,4686,24058,13067,4515,22760,11811,4390,21342,10822,4300,19849,9908,4278,18649,9074,4267,17672,8260,4250,16860,7423,4212,16010,6704,4192,15263,6031,4192,14586,5535,4015,13418,5358,3788,12354,5311,3718,12129,5072,2956,11438,3578,2130,7641,1911,2068,6904,1569,2041,5508,1535,2009,5489,1519,2009,5477,1519,2009,5476,1519,2009,5476,1470,2009,5476,1470,2009,5476,1470,853,4193,205,288,2821,82,0,1441,0,0,0,0,0,0,0,0,0,0,0,0,0,0,0,0,0,0,0,0,0,0,0,0,0,0,0,0,0,0,0,0,0,0,0,0,0
Sim,22F_(Omicron).pdb,67608,247068,256731,65849,240922,249992,64110,234785,243469,62423,228855,236911,60768,222989,230515,59122,217118,224097,57415,211557,217882,55853,206041,211726,54378,200766,205769,52937,195504,199815,51529,190244,193958,50125,185082,188377,48768,180060,182760,47434,175243,177387,46133,170501,172064,44832,165734,166784,43501,161186,161593,42198,156700,156474,40998,152354,151402,39735,148144,146570,38553,143870,141561,37437,139737,136890,36296,135716,132177,35180,131709,127699,34071,127961,123280,32947,124336,119059,31879,120784,114837,30725,117212,110669,29617,113647,106503,28530,110100,102497,27435,106466,98368,26372,102941,94297,25290,99472,90413,24296,96124,86561,23316,92886,82848,22412,89761,79382,21434,86744,75893,20447,83708,72363,19494,80735,68885,18569,77678,65512,17614,74595,62174,16695,71652,59019,15749,68803,55996,14857,65921,52877,13967,63078,49877,13149,60381,47009,12401,57692,44260,11633,55297,41609,10920,53113,39115,10231,50888,36761,9589,48542,34201,8980,46109,31655,8448,43243,29150,7931,40593,26702,7425,38234,24412,6989,35808,22295,6670,33588,20405,6207,31942,18896,5890,30279,17450,5568,28905,16380,5315,27594,15436,5098,26228,14423,4667,24061,13038,4490,22728,11765,4361,21364,10792,4274,19845,9896,4247,18687,9116,4237,17708,8333,4220,16883,7447,4192,16038,6718,4162,15273,6070,4162,14624,5580,3987,13542,5376,3760,12362,5320,3699,12144,5119,2931,11618,3665,2108,7736,1903,2056,6913,1575,2032,5516,1540,1998,5496,1523,1998,5483,1523,1998,5483,1523,1998,5483,1474,1998,5483,1474,1998,5483,1474,846,4213,205,277,2819,87,0,1445,0,0,0,0,0,0,0,0,0,0,0,0,0,0,0,0,0,0,0,0,0,0,0,0,0,0,0,0,0,0,0,0,0,0,0,0,0
Sim,23A_(Omicron).pdb,67793,247523,257367,66014,241320,250665,64264,235174,244112,62560,229206,237465,60896,223373,231098,59267,217680,224699,57587,211882,218530,56001,206393,212289,54483,201041,206257,53045,195818,200292,51660,190610,194542,50278,185432,188828,48891,180333,183324,47534,175577,177930,46240,170850,172564,44927,166141,167269,43638,161561,162024,42349,157057,156961,41095,152645,151858,39822,148340,147030,38668,144129,142055,37523,140039,137288,36389,135924,132602,35302,131923,128129,34211,128184,123677,33033,124556,119397,31954,121034,115140,30816,117469,110922,29701,113893,106756,28581,110245,102707,27523,106680,98625,26447,103111,94578,25359,99697,90582,24339,96354,86748,23382,93112,83106,22436,89934,79582,21477,86956,76093,20496,83933,72616,19525,80915,69053,18590,77853,65706,17676,74740,62421,16687,71768,59239,15776,68919,56135,14871,66076,53051,13991,63233,50074,13188,60476,47193,12411,57894,44493,11656,55539,41784,10926,53379,39345,10266,51090,36893,9583,48757,34398,9016,46300,31830,8461,43472,29325,7931,40778,26791,7441,38373,24522,7054,35936,22450,6680,33759,20588,6217,32079,18982,5905,30472,17546,5563,29055,16486,5322,27746,15548,5075,26366,14460,4651,24178,13087,4483,22839,11830,4365,21436,10845,4272,19932,9934,4252,18723,9105,4243,17724,8306,4226,16938,7469,4189,16083,6742,4168,15307,6071,4168,14626,5567,3991,13523,5382,3768,12361,5334,3707,12148,5114,2940,11548,3650,2121,7651,1913,2061,6913,1578,2036,5511,1543,2002,5494,1526,2002,5481,1526,2002,5481,1526,2002,5481,1477,2002,5481,1477,2002,5481,1477,837,4194,206,279,2819,86,0,1444,0,0,0,0,0,0,0,0,0,0,0,0,0,0,0,0,0,0,0,0,0,0,0,0,0,0,0,0,0,0,0,0,0,0,0,0,0
Sim,23B_(Omicron).pdb,72943,263765,276827,71086,257218,269845,69200,250803,262719,67337,244412,255778,65530,238168,248860,63785,232003,242089,62076,225931,235433,60294,220043,228907,58685,214287,222446,57057,208649,216040,55466,202963,209885,54035,197642,203724,52536,192215,197601,50995,186982,191628,49621,181892,185863,48202,176821,180098,46770,172021,174487,45394,167133,168930,44027,162365,163414,42752,157686,158101,41408,153088,152918,40123,148721,147882,38840,144491,143021,37701,140295,138090,36475,136182,133330,35320,132271,128627,34093,128409,123966,32854,124522,119442,31714,120679,115165,30508,116903,110748,29356,113178,106260,28236,109365,101845,27146,105674,97585,26160,101961,93607,25154,98475,89618,24140,95105,85776,23146,91930,81985,22115,88705,78255,21084,85522,74552,20041,82388,71025,19039,79191,67568,18046,75926,64142,17068,72961,60808,16140,70115,57441,15227,67164,54318,14401,64234,51280,13571,61427,48338,12732,58954,45495,12015,56624,42820,11294,54345,40167,10613,51892,37446,9961,49255,34637,9404,46203,31924,8863,43314,29329,8361,40731,26758,7903,38225,24372,7501,35843,22365,6971,33986,20611,6598,32239,18985,6203,30734,17727,5875,29318,16731,5531,27843,15492,4986,25475,14056,4733,24029,12583,4531,22494,11456,4402,20909,10414,4344,19573,9474,4323,18473,8503,4300,17575,7593,4262,16617,6841,4247,15745,6177,4245,15014,5667,4066,13795,5488,3841,12597,5436,3768,12371,5178,2990,11734,3721,2167,7794,1977,2103,7044,1613,2076,5623,1577,2040,5596,1559,2040,5582,1559,2040,5582,1559,2040,5582,1509,2040,5582,1509,2040,5582,1509,860,4275,221,317,2873,91,0,1469,0,0,0,0,0,0,0,0,0,0,0,0,0,0,0,0,0,0,0,0,0,0,0,0,0,0,0,0,0,0,0,0,0,0,0,0,0
Sim,23C_(Omicron).pdb,66392,243003,252514,64731,236913,245953,62946,230936,239533,61297,225069,233189,59698,219496,226876,58158,213788,220646,56557,208280,214536,55053,202820,208535,53570,197565,202790,52081,192442,196909,50622,187398,191135,49214,182471,185544,47883,177629,180127,46627,173016,174894,45291,168315,169760,43998,163814,164557,42726,159304,159446,41510,154881,154494,40299,150538,149550,39081,146278,144665,37916,142058,139986,36777,137941,135361,35620,134149,130868,34491,130364,126492,33392,126659,122188,32250,123135,117891,31108,119659,113693,29950,116099,109626,28852,112549,105511,27721,108937,101533,26672,105479,97547,25581,101884,93658,24494,98371,89731,23512,95048,85889,22544,91948,82222,21524,88810,78664,20552,85781,75138,19623,82701,71517,18705,79729,68185,17779,76771,64803,16892,73604,61523,16003,70577,58329,15111,67704,55292,14229,64950,52168,13415,62209,49388,12663,59490,46603,11963,56961,43929,11242,54656,41340,10559,52440,38895,9956,50172,36603,9327,47864,34044,8794,45409,31585,8274,42725,29011,7819,40138,26653,7403,37744,24396,6990,35272,22356,6628,33159,20591,6193,31514,19051,5888,30004,17665,5612,28649,16606,5364,27367,15742,5143,26061,14683,4702,23934,13303,4483,22622,11999,4343,21230,10979,4249,19758,10091,4219,18569,9232,4203,17627,8337,4188,16823,7500,4153,15940,6686,4134,15137,6025,4134,14473,5559,3953,13418,5357,3739,12303,5291,3690,12104,5045,2936,11450,3617,2097,7662,1926,2045,6882,1569,2021,5488,1535,1985,5472,1517,1985,5460,1517,1985,5460,1517,1985,5460,1468,1985,5460,1468,1985,5460,1468,845,4182,207,316,2809,90,0,1433,0,0,0,0,0,0,0,0,0,0,0,0,0,0,0,0,0,0,0,0,0,0,0,0,0,0,0,0,0,0,0,0,0,0,0,0,0
Sim,23D_(Omicron).pdb,72858,263863,276591,70992,257301,269656,69135,250860,262482,67292,244471,255579,65474,238181,248681,63700,232053,241908,62019,226017,235238,60272,220057,228744,58655,214336,222271,57007,208646,215912,55447,203059,209727,53982,197683,203555,52503,192205,197425,50979,187057,191442,49571,181880,185660,48164,176880,179966,46726,172029,174301,45352,167172,168810,44013,162398,163224,42713,157712,157871,41360,153103,152790,40107,148761,147744,38831,144470,142834,37675,140323,137970,36468,136237,133189,35274,132251,128433,34090,128426,123847,32811,124553,119328,31685,120698,115024,30480,116870,110607,29368,113160,106147,28205,109397,101720,27129,105648,97462,26142,101964,93453,25149,98488,89502,24131,95172,85662,23158,91903,81905,22085,88735,78173,21070,85518,74432,20040,82418,70893,19038,79158,67487,18055,75902,64083,17068,72914,60701,16132,70052,57329,15223,67172,54218,14390,64191,51180,13564,61414,48305,12730,58913,45439,12016,56565,42746,11299,54312,40104,10616,51844,37365,9957,49184,34550,9394,46163,31849,8859,43279,29228,8358,40728,26724,7896,38188,24352,7497,35803,22318,6968,33957,20548,6598,32223,18943,6212,30696,17678,5870,29267,16686,5532,27774,15483,4999,25447,14007,4729,24002,12547,4531,22476,11419,4396,20863,10395,4339,19586,9453,4318,18474,8500,4294,17569,7607,4257,16554,6849,4242,15710,6175,4240,14989,5667,4065,13756,5484,3835,12595,5433,3759,12368,5171,2991,11693,3695,2162,7803,1971,2100,7039,1612,2073,5624,1576,2037,5598,1558,2037,5584,1558,2037,5584,1558,2037,5584,1508,2037,5584,1508,2037,5583,1508,863,4281,209,306,2872,91,0,1471,0,0,1,0,0,0,0,0,0,0,0,0,0,0,0,0,0,0,0,0,0,0,0,0,0,0,0,0,0,0,0,0,0,0,0,0,0
Sim,23E_(Omicron).pdb,72777,262815,276104,70910,256355,269134,69029,249833,262055,67202,243556,255117,65366,237294,248267,63601,231121,241544,61900,225141,234875,60199,219167,228369,58543,213432,221903,56896,207814,215519,55331,202244,209360,53885,196871,203150,52366,191523,197101,50947,186278,191128,49454,181150,185301,48040,176243,179667,46646,171407,174116,45286,166525,168506,43905,161754,163030,42635,157049,157761,41319,152515,152490,40058,148223,147529,38808,144035,142574,37597,139990,137615,36431,135847,132834,35217,131815,128216,34021,128044,123630,32762,124159,119065,31629,120233,114671,30466,116458,110350,29319,112781,105885,28205,109070,101518,27118,105274,97209,26110,101658,93210,25103,98176,89261,24106,94951,85413,23088,91653,81646,22077,88431,77935,21076,85272,74238,20020,82091,70657,19035,78812,67237,18064,75634,63832,17087,72733,60525,16142,69805,57200,15255,66982,54090,14373,64034,51038,13540,61202,48159,12749,58694,45284,12030,56401,42568,11296,54112,39970,10630,51685,37184,9969,48975,34426,9406,45930,31715,8854,43116,29141,8358,40655,26591,7883,38172,24228,7493,35761,22244,6962,33887,20557,6571,32134,18863,6188,30614,17629,5858,29138,16616,5530,27702,15442,5006,25364,13981,4744,23951,12520,4541,22444,11388,4402,20879,10394,4340,19591,9469,4316,18504,8483,4292,17624,7593,4253,16624,6818,4239,15719,6159,4237,14970,5656,4059,13730,5469,3834,12551,5423,3766,12362,5177,3022,11722,3720,2153,7713,1967,2098,7052,1609,2071,5621,1573,2035,5596,1555,2035,5582,1555,2035,5582,1555,2035,5582,1505,2035,5582,1505,2035,5582,1505,858,4272,225,318,2870,92,0,1469,0,0,3,0,0,0,0,0,0,0,0,0,0,0,0,0,0,0,0,0,0,0,0,0,0,0,0,0,0,0,0,0,0,0,0,0,0
Sim,23F_(Omicron).pdb,72792,263740,276621,70945,257151,269691,69085,250715,262520,67245,244357,255633,65429,238058,248704,63645,231921,241952,61973,225899,235256,60220,219941,228758,58606,214217,222291,56952,208500,215953,55383,202940,209783,53922,197566,203571,52442,192125,197463,50915,186945,191472,49515,181780,185703,48114,176795,179986,46669,171948,174335,45308,167094,168824,43956,162307,163247,42656,157611,157912,41302,153036,152810,40055,148700,147768,38776,144408,142847,37613,140260,138008,36400,136172,133224,35218,132157,128487,34025,128344,123870,32758,124486,119363,31625,120635,115058,30427,116800,110657,29304,113123,106187,28147,109338,101763,27079,105600,97510,26088,101890,93492,25093,98433,89536,24072,95114,85714,23099,91868,81956,22031,88688,78203,21017,85479,74487,19976,82364,70931,18993,79139,67505,18003,75880,64112,17025,72895,60744,16086,70022,57369,15183,67139,54255,14351,64173,51207,13523,61378,48343,12688,58897,45460,11976,56533,42766,11263,54295,40135,10579,51808,37398,9922,49165,34579,9362,46141,31872,8829,43286,29264,8332,40711,26741,7870,38180,24375,7468,35792,22344,6953,33939,20579,6582,32216,18967,6196,30683,17700,5849,29259,16712,5518,27790,15499,4991,25418,14037,4719,23995,12576,4524,22463,11445,4390,20853,10408,4334,19580,9466,4312,18469,8507,4289,17566,7619,4253,16550,6863,4237,15705,6185,4235,14985,5673,4056,13748,5494,3833,12584,5443,3760,12365,5183,2990,11682,3713,2163,7785,1981,2101,7036,1619,2074,5619,1582,2036,5594,1563,2036,5580,1563,2036,5580,1563,2036,5580,1513,2036,5580,1513,2036,5580,1513,859,4275,215,313,2870,95,0,1470,0,0,0,0,0,0,0,0,0,0,0,0,0,0,0,0,0,0,0,0,0,0,0,0,0,0,0,0,0,0,0,0,0,0,0,0,0
Não,677H.Robin1.pdb,73796,268824,280255,71848,262122,273006,69933,255518,265740,68057,248999,258696,66256,242561,251669,64454,236094,244818,62656,229793,238016,60872,223682,231326,59177,217777,224853,57516,212012,218477,55898,206466,212048,54408,200892,205782,52894,195430,199840,51369,190187,193854,49894,184996,187959,48507,179926,182202,47087,174866,176506,45700,169819,170844,44314,165086,165306,42952,160334,159832,41612,155614,154511,40329,151124,149312,39082,146692,144178,37897,142464,139301,36672,138365,134454,35507,134388,129837,34316,130358,125100,33138,126517,120478,31923,122628,115946,30728,118736,111465,29662,114917,107131,28533,111161,102628,27475,107273,98158,26436,103676,94125,25415,100146,90173,24380,96788,86303,23419,93443,82495,22437,90261,78679,21442,87149,75011,20429,83987,71446,19449,80497,67983,18406,77288,64562,17448,74212,61307,16558,71220,57989,15679,68225,54650,14794,65175,51533,13917,62371,48621,13099,59743,45805,12298,57347,43079,11568,55024,40476,10834,52552,37713,10189,49759,34821,9605,46634,32031,9091,43671,29416,8580,41107,26912,8068,38470,24514,7635,36022,22470,7078,34111,20748,6692,32382,19049,6278,30875,17747,5896,29376,16740,5538,27934,15512,4972,25548,13992,4701,24048,12514,4513,22533,11364,4367,20896,10359,4319,19574,9426,4292,18534,8482,4272,17599,7594,4233,16692,6849,4218,15853,6162,4216,15084,5654,4044,13919,5483,3815,12660,5429,3752,12445,5197,2971,11786,3723,2153,7889,1972,2085,7081,1607,2060,5637,1571,2026,5621,1555,2026,5608,1555,2026,5608,1555,2026,5608,1505,2026,5608,1505,2026,5608,1505,846,4296,219,303,2891,88,0,1479,0,0,0,0,0,0,0,0,0,0,0,0,0,0,0,0,0,0,0,0,0,0,0,0,0,0,0,0,0,0,0,0,0,0,0,0,0
Não,677P.Pelican.pdb,73828,267996,279682,71882,261217,272622,69962,254708,265375,68083,248254,258310,66262,241733,251239,64471,235358,244382,62699,229005,237685,60902,222781,231128,59233,216911,224495,57582,211315,218178,55972,205613,211685,54456,200055,205480,52958,194640,199525,51407,189398,193539,49938,184318,187637,48528,179140,181841,47125,174159,176215,45747,169162,170517,44362,164314,164998,42948,159543,159529,41648,154934,154217,40344,150453,149078,39123,146059,143997,37907,141848,139109,36719,137734,134232,35519,133757,129577,34323,129830,124910,33168,125993,120256,31982,122012,115685,30772,118207,111230,29674,114414,106858,28559,110654,102411,27502,106826,97910,26453,103182,94016,25441,99754,90041,24416,96351,86167,23437,93055,82306,22476,89858,78615,21461,86667,74886,20457,83526,71395,19470,80145,67861,18464,76892,64429,17491,73847,61247,16563,70854,57828,15742,67901,54626,14837,64927,51495,13960,62133,48531,13118,59492,45724,12337,57101,42920,11583,54749,40344,10879,52199,37588,10211,49429,34673,9628,46292,31891,9092,43377,29293,8566,40785,26816,8102,38234,24354,7622,35826,22376,7102,33932,20663,6674,32198,18963,6263,30640,17677,5905,29158,16654,5556,27726,15466,4991,25373,13913,4730,23919,12453,4520,22395,11313,4398,20780,10328,4320,19541,9412,4296,18504,8462,4272,17584,7570,4236,16637,6837,4217,15782,6165,4214,15049,5676,4037,13834,5472,3814,12586,5426,3754,12421,5207,2997,11778,3745,2143,7807,1961,2085,7086,1602,2058,5634,1567,2026,5621,1552,2026,5608,1552,2026,5608,1552,2026,5608,1502,2026,5608,1502,2026,5608,1502,844,4295,218,299,2892,83,0,1479,0,0,0,0,0,0,0,0,0,0,0,0,0,0,0,0,0,0,0,0,0,0,0,0,0,0,0,0,0,0,0,0,0,0,0,0,0
Não,Wild_Variant.pdb,70805,259418,268713,68970,252804,261704,67088,246510,254895,65237,240095,248221,63498,233807,241443,61761,227704,234734,60080,221578,228101,58454,215642,221676,56818,209740,215337,55213,204098,209236,53714,198754,203026,52229,193465,197128,50795,188250,191164,49385,183123,185523,47938,178218,179928,46545,173395,174414,45217,168567,169080,43878,163845,163791,42562,159251,158458,41334,154799,153293,40065,150377,148116,38895,146000,143237,37687,141791,138538,36548,137781,133789,35439,133715,129276,34298,129825,124815,33106,126104,120344,31985,122293,115857,30790,118498,111579,29646,114865,107349,28517,111115,103117,27482,107402,98911,26354,103631,94723,25285,100064,90738,24304,96702,86747,23311,93380,82977,22324,90115,79306,21376,87031,75746,20416,83937,72093,19374,80782,68610,18372,77624,65195,17423,74562,61834,16457,71475,58601,15583,68467,55374,14699,65590,52221,13840,62683,49331,13035,59970,46487,12260,57444,43734,11556,55102,41089,10839,52827,38442,10198,50433,35816,9589,47807,33159,8996,44993,30544,8473,42244,28107,7972,39703,25733,7494,37290,23477,7114,35023,21501,6643,33126,19893,6304,31460,18337,5992,29963,17211,5706,28590,16283,5432,27254,15178,4951,25083,13693,4673,23529,12254,4459,22081,11214,4299,20553,10229,4243,19308,9329,4215,18279,8465,4197,17347,7597,4151,16390,6871,4135,15517,6161,4133,14770,5613,3974,13668,5413,3741,12502,5345,3685,12289,5138,2958,11677,3747,2114,7919,1937,2046,6981,1576,2019,5566,1542,1989,5550,1527,1989,5537,1527,1989,5537,1527,1989,5537,1478,1989,5537,1477,1989,5537,1477,840,4264,201,332,2857,81,0,1460,0,0,0,0,0,0,0,0,0,0,0,0,0,0,0,0,0,0,0,0,0,0,0,0,0,0,0,0,0,0,0,0,0,0,0,0,0
